place_id,nombre,direccion,provincia,lat,lng,rating,website,keyword_found
ChIJWRGRdqhh1JERxpHvB_y0hPo,Su Papeleria,"Quijano y Ordoñez, Ecuador",Tungurahua,-0.9344408999999998,-78.61333309999999,4.8,,librería
ChIJ59wtUu4H05ERs-Gjl57kHOs,Librería Exito,"88VH+WV5, Riobamba, Ecuador",Tungurahua,-1.6552257,-78.67025579999999,4.5,,librería
ChIJG4TQIi-o05ER0Qu2xp-g4Mw,Libreria Exito,"Guayaquil 22-16 y, Riobamba, Ecuador",Tungurahua,-1.6737328,-78.64991719999999,4.5,,librería
ChIJSe30sJOB05ERCwzOHTHLObs,Librería y papelería Ilusión,"12_, Los Shyris & Av De Los Incas, Ambato 180202, Ecuador",Tungurahua,-1.2518324,-78.6304191,4.6,https://www.libreriailusion.com/,librería
ChIJV49CodNh1JERUuTm5tP91_o,Libreria Infolibros,"C. 2 de Mayo &, Latacunga 050102, Ecuador",Tungurahua,-0.9337532,-78.6170732,5.0,https://www.facebook.com/motivacion.lectura.infantil/?ref=pages_you_manage,librería
ChIJtSPX4i6o05ERc-klFfa6Zx4,Librería Atlantida,"89G2+68Q, Riobamba, Ecuador",Tungurahua,-1.6744159,-78.6491285,4.3,,librería
ChIJz8o5KGOp05ERx0PAXfgpQzk,Librería Universitaria,"GUAYAQUIL, Y, Riobamba 060110, Ecuador",Tungurahua,-1.680491,-78.6420651,4.6,https://libreriauniversitaria.ec/,librería
ChIJOUyCD4Op05ERC_Jq2rkwEjY,Librería Riobamba,"Guayaquil &, Riobamba, Ecuador",Tungurahua,-1.6777267,-78.64533809999999,4.7,,librería
ChIJ1TfKQaOB05ERTX9A0T3U8y4,Libreria Pappel Book,"Ambato 180201, Ecuador",Tungurahua,-1.2413014,-78.6216443,4.4,https://www.facebook.com/pappel.book?ref=hl,librería
ChIJ6fRETcAH05ER27OQJWSGA10,Libreria y papeleria LA POLI,"Av. Pedro Vicente Maldonado &, Riobamba, Ecuador",Tungurahua,-1.6602257,-78.6815926,4.4,,librería
ChIJK1dcuP6p05ER8qHDj4Na-5A,libreria y papeleria Gama,"JUAN MONTALVO ENTRE AVENIDA UNIDAD NACIONAL, Y, Riobamba 060111, Ecuador",Tungurahua,-1.6701077,-78.6544397,4.1,,librería
ChIJmUFkJOqD05ERjBQgRDMk500,Distribuidora LIBRERÍA Papelería MULTISUMINISTROS,"P9FC+M38, Av Atahualpa, Ambato 180103, Ecuador",Tungurahua,-1.2758432,-78.62978799999999,4.4,,librería
ChIJIxwGL_B505ERSlmQIG3kCo4,Comercial Popular PLUS Librería Papelería Arte y Manualidades,"Juan Montalvo y Quito esq Ambato, Santa Rosa, Ecuador",Tungurahua,-1.2813113,-78.66437959999999,5.0,,librería
ChIJDZ3eA_6p05ERPdw-2w3igiw,Librería Bolivariana,"Cristobal Colon 2406, Riobamba, Ecuador",Tungurahua,-1.6716976,-78.6488167,4.0,,librería
ChIJkYt-i7yB05ERXPGZekgIf3I,Almacenes Rosendo Guaman Loc 2,"Juan Benigno Vela 0324, Ambato 180109, Ecuador",Tungurahua,-1.2412422,-78.6253454,4.5,http://www.rosendoguaman.com.ec/,librería
ChIJB2uHvUEH05ER6_0GdcTwW8M,TECNIBOOK,"Av. Pedro Vicente Maldonado y Feliciano Checa, Riobamba 060106, Ecuador",Tungurahua,-1.6612786,-78.6778983,4.6,https://www.facebook.com/Tecnibook-105339974852399/,librería
ChIJg2kPNOoH05ERp5Gk1MpHA_o,Libreria Juniors,"88FR+4JW, Riobamba, Ecuador",Tungurahua,-1.6771301,-78.6584123,4.2,,librería
ChIJZbKQt4aB05ERN6AP5K4dqoY,Libreria Arte Y Magia,"P9QJ+XV3, Jose Garcia, Ambato 180205, Ecuador",Tungurahua,-1.2601102,-78.61781909999999,5.0,,librería
ChIJI2YUmq8H05ERNEkMwFEFROw,Papelería Universitaria y Tecnología,"Avenida La Prensa 1860 Y, Riobamba 060101, Ecuador",Tungurahua,-1.6649373,-78.6648745,3.6,,librería
ChIJgXJ4YuAH05ERat1rju-j0zU,LA MEGA LIBRERIA 2,"Pastaza, y, Riobamba, Ecuador",Tungurahua,-1.6422959,-78.6801206,3.0,,librería
ChIJDVOiGC-o05ERWJhfmWvzUuo,Librería Ediciones Coquito y Manualidades Mundo Magico,"Eugenio Espejo &, Riobamba, Ecuador",Tungurahua,-1.6736942,-78.649412,4.8,,librería
ChIJHTLVG_B305ER0rnKapLld7w,Librería y Papelería Tisaleo,"Parque central, frente a la Iglesia, M82J+H7H, Tisaleo 180950, Ecuador",Tungurahua,-1.3485596,-78.66928089999999,3.7,,librería
ChIJC-ZSsLqB05ERGfeM2-CS16A,Libreria y papeleria Mi Sabiduria,"Vargas Torres, Ambato, Ecuador",Tungurahua,-1.2361495,-78.62335519999999,4.4,,librería
ChIJtc7esw-b0pERgOA7q6O6yQw,Librería y Bazar IDEAL,"10 de agosto entre Alvarado, y, Riobamba 060103, Ecuador",Tungurahua,-1.6759957,-78.6461808,4.7,,librería
ChIJua3M9LiB05ERoXlCjochH6E,Librería Fabricio,"Av. Pichincha &, Ambato 180202, Ecuador",Tungurahua,-1.2535217,-78.6247082,3.0,,librería
ChIJE8-LHe2B05ERqSA8BKDasKE,"Viveres Y libreria ""ROSITA""","PCR3+9H8, Ambato 180203, Ecuador",Tungurahua,-1.2590935,-78.59604089999999,4.7,,librería
ChIJD093ROqF05ERTyffJr8LMqI,Librería y Papelería LORENS,"Vicente Rocafuerte &, Pelileo, Ecuador",Tungurahua,-1.3296499,-78.5436691,4.3,,librería
ChIJhz6hiM4H05ER3Vrq-kuYyX4,Mil Colores Multiservicios,"Av Pedro Vicente Maldonado y, Avenue Monsenor Leonidas Proaño, Riobamba 060150, Ecuador",Tungurahua,-1.6557422,-78.695945,4.6,https://linktr.ee/milcoloresriobamba,librería
ChIJ5xYpC3YH05ERmjb_xyySqY8,IMARK LIBRERIA,"CARABOBO Y, ESQUINA DEL SEMAFORO, Av. 9 de Octubre, Riobamba, Ecuador",Tungurahua,-1.6768303,-78.6588391,4.7,,librería
ChIJJbbO_62B05ERB62rqBJJGrg,El Amigo bazar y papelería,"Q93C+RQX, Quito, Ambato 180101, Ecuador",Tungurahua,-1.2453919,-78.6280227,5.0,,librería
ChIJIa724vqB05ERby4J2ac8BJc,LA LIBRERIA DE ALEX PAPELERIA - BAZAR,"AV. Rodrigo Pachano, y, Ambato 180150, Ecuador",Tungurahua,-1.2264619,-78.60155739999999,4.0,,librería
ChIJ-7LI-oSR05ERj1tDshqSxao,LIBRERIA CENTRAL,"180301, Baños de Agua Santa 180301, Ecuador",Tungurahua,-1.3974584,-78.4257374,4.0,,librería
ChIJU3N7hgup05ERV4d29VWnQ1s,Librería Fantasis Blu,"Av. Gonzalo Dávalos 3833, Riobamba, Ecuador",Tungurahua,-1.6611173,-78.6561304,5.0,,librería
ChIJSV8cGmh_1JERGTFzLuJ8IWY,Danna & Dennise Libreria,"Ambato, Ecuador",Tungurahua,-1.1770723,-78.58934719999999,4.6,,librería
ChIJU9QlWWyC05ERuFZuPMRbzIU,Librería Garabatos en Papel,"P975+W83, Ambato 180103, Ecuador",Tungurahua,-1.285229,-78.64169989999999,4.0,,librería
ChIJs1uoedYH05EROx3B6UXvhgo,Papeleria Masita,"983P+M76, Pedro Fermin Cevallos, Riobamba, Ecuador",Tungurahua,-1.6458329,-78.6643619,4.5,,librería
ChIJj1jrNOKp05ERsx_9XM_Gd6s,Librería Millenium Riobamba - Útiles Escolares,"Boyacá, y, Riobamba 060104, Ecuador",Tungurahua,-1.6744739,-78.65598100000001,5.0,,librería
ChIJ1-vhuhip05ERbWqBDmAsCFc,Libreria Tecnica,"España 23-45 y, Riobamba 060102, Ecuador",Tungurahua,-1.6708521,-78.6502697,3.9,,librería
ChIJg3JMm_Cp05ERFZhNguuY1_A,MÁXIMA ESCALA,"060108, Riobamba 060108, Ecuador",Tungurahua,-1.6550252,-78.6431648,5.0,,librería
ChIJHYpGiAoH05ERlxCjrcDJzCk,Librería y Papelería Dadito,"Av Monseñor Leonidas Proaño, y, Riobamba, Ecuador",Tungurahua,-1.6502773,-78.69056619999999,5.0,,librería
ChIJY_6jag2B05ERhqjJBUhPnrU,Bazar y Librería JLM,"Himno Nacional &, Ambato 180101, Ecuador",Tungurahua,-1.2281666,-78.62507409999999,5.0,,librería
ChIJ6X1gpZfv1JERHQ2BJkAW-A4,Imagina Bazar y Papelería,"Sigchos, Chucchilán 050504, Ecuador",Tungurahua,-0.7995234,-78.9202389,5.0,,librería
ChIJx-IZ8T2p05ERlZARhQ1L8ok,Libreria & Papeleria IMC,"Av. Antonio José de Sucre, Riobamba 060108, Ecuador",Tungurahua,-1.6576178,-78.64562520000001,1.7,,librería
ChIJycnT_P191JERt911D7x6eNA,Basart y Papeleria Albita,"XC46+5W4, Salcedo, Ecuador",Tungurahua,-1.0446025,-78.58767999999999,5.0,,librería
ChIJTepzNCqB05ERlCTdN95ezdk,Libreria y Papeleria Copiarte Ambato,"Av. Pedro Vásconez, Ambato 180156, Ecuador",Tungurahua,-1.2260577,-78.58628259999999,3.7,https://www.facebook.com/CopiarteAmbato,librería
ChIJsUjkZR-D05ERqsVBkFDpFtM,La Papelería,"Calle Rio Guayabamba c7 Y, Av. los chásquis, Ambato 180103, Ecuador",Tungurahua,-1.265376,-78.6255566,4.8,,librería
ChIJf1Qsxx6B05ERpeUYkg56PqM,Banco del Barrio Guayaquil,"Av. los chásquis 08-29, Ambato 180202, Ecuador",Tungurahua,-1.2519606,-78.62235249999999,4.7,,librería
ChIJ7cmjVDMH05ERKVWxsbiLhyw,kakabate variedades,"Riobamba, Ecuador",Tungurahua,-1.6551526,-78.6634091,5.0,,librería
ChIJs3el9Eqp05ERNhNVYgS8S6I,Librería Visión,"La dolorosa, Riobamba 060110, Ecuador",Tungurahua,-1.6797479,-78.642676,,,librería
ChIJ2SnjYU-B05ERydH_FMuhrNo,Librería Papelería Pencil House,"Ambato 180213, Ecuador",Tungurahua,-1.2430118,-78.6269961,5.0,https://www.instagram.com/_pencil.house_/,librería
ChIJeyE6ra-d05ERtxUka-Emin8,Librería Danielito,"22 y, Av Vicente Rocafuerte & Jose Maria Velasco Ibarra, Ecuador",Tungurahua,-1.3848402,-78.6199683,4.0,,librería
ChIJR3Xg-bip05ERDw8rB7HsJgI,Bazar y manualidades KOKY,"Trujillo, Riobamba, Ecuador",Tungurahua,-1.66607,-78.6358867,4.5,,librería
ChIJ945uqwup05ERUmbABT4T-gk,Killka Wasi,"Cristobal Colon 1958y, Riobamba 060101, Ecuador",Tungurahua,-1.6741552,-78.6507871,5.0,,librería
ChIJ3XUzToWp05ER0ZNarj5kR18,Libreria Politecnica,"Roma, y, Riobamba 060110, Ecuador",Tungurahua,-1.6851405,-78.6389032,5.0,https://m.facebook.com/librerialapolitecnica,librería
ChIJ1ysQhBCo05ER7HmjM_x2SuE,Comisariato del Estudiante,"Av. Antonio José de Sucre, Riobamba 060108, Ecuador",Tungurahua,-1.6592657,-78.64683149999999,4.6,https://www.facebook.com/comies.rio/,librería
ChIJQ7hBZu-D05ERNzj_oWCOBoU,"Librería y Papelería ""American Salasaka""","Salasaka - Centro, Salasaca 180406, Ecuador",Tungurahua,-1.3206617,-78.5784896,5.0,https://www.facebook.com/profile.php?id=100089877874459&sk=about,librería
ChIJL7cNDgCp05ER_0folYO1orE,Librería 2B,"Av Eloy Alfaro &, Riobamba, Ecuador",Tungurahua,-1.6804672,-78.6422599,,,librería
ChIJMW2Bv6OB05ERbRZl_ZXxKd4,"Librería y Papelería ""DYLAN""","Ambato 180110, Ecuador",Tungurahua,-1.2267719,-78.59285160000002,5.0,,librería
ChIJWfEckxH11JER3R-PCIsVI7Q,LICORERÍA DON HUGUITO,"586J+HJC, Saquisilí, Ecuador",Tungurahua,-0.8385663999999999,-78.66848,5.0,,librería
ChIJS595K6OD05ERNCnXu4URZwk,LIBROS MEDICOS ECUADOR,"gregorio escobedo, y, Ambato 180206, Ecuador",Tungurahua,-1.2688384,-78.6218025,4.8,https://www.instagram.com/librosmedicosec?igsh=OXB0NGk4cXB0dW5s&utm_source=qr,librería
ChIJNRnugSKo05ERmNx0xY7Al1k,Libreria Q Buena Nota,"Juan Montalvo, Riobamba, Ecuador",Tungurahua,-1.6619428,-78.6478153,4.4,,librerias
ChIJLwagwadh1JERrdBwueGY2hc,MEGAPOPULAR,"C. Manuel de Jesús Quijano y Ordoñes &, 050101, Ecuador",Tungurahua,-0.9355779000000001,-78.6130824,4.4,http://www.megapopular.com.ec/,librerias
ChIJe0DvHDOo05ERyG6mWfdcPfc,Libreria Ciencia y Técnica,"89C5+426, Riobamba, Ecuador",Tungurahua,-1.6797035,-78.64248359999999,4.8,,librerias
ChIJm2aX8DOB05ERhW72iUqSTP0,BIBLIOTECA DIGITAL DE EDUCACION FISICA,"Ambato 180202, Ecuador",Tungurahua,-1.2522417,-78.62727269999999,5.0,,librerias
ChIJwYhnF-eB05ERLRcKp3hrlB4,LIBRERIA ALFA Y OMEGA,"593 593, Ambato 180202, Ecuador",Tungurahua,-1.251514,-78.6255134,,,librerias
ChIJ-VifUsip05ERYIpFVnhhabo,Librería Stelasur Riobamba,"Eugenio Espejo 2959, Riobamba, Ecuador",Tungurahua,-1.6688211,-78.64564229999999,,,librerias
ChIJ5-zOLF2B05ERMIQ0zeIFi7Q,Libreria EL Compas Ambato,"C. Joaquin Lalama 6-25 y, Ambato 180109, Ecuador",Tungurahua,-1.2401352,-78.627275,,,librerias
ChIJrdt5iUVh1JERXY6boCG7YzE,PAPELERIA Y BAZAR EL BUEN ESTUDIANTE,"397C+MRG BARRIO LOMA GRANDE, C. 10 de Agosto, Latacunga, Ecuador",Tungurahua,-0.9358228000000001,-78.6279362,,,librerias
ChIJq4r7qmph1JERNsi5xUfeCjY,Bibliomashca,"C. Luis Fernando Vivero &, Ecuador",Tungurahua,-0.9323366999999999,-78.6136039,4.9,,librerias
ChIJkWdBrZGp05EREtXNFur2guY,La Casa del Libro,"Cristobal Colon 1928, Riobamba, Ecuador",Tungurahua,-1.6742943,-78.6509547,,,librerias
ChIJz6dBftKB05ERt8RyFctsV5s,LIBRERIAS SARAHI/SABIECITO,"Vargas Torres entre Primera Imprenta, y, Ambato 180150, Ecuador",Tungurahua,-1.2368681,-78.6231135,3.0,,librerias
ChIJbyHvRQOF05ERPjfwibP1rqY,Super Su Librería,"Ricaurte y, Jose Mejia, Pelileo 180402, Ecuador",Tungurahua,-1.3302238,-78.5409646,,,librerias
ChIJPXliD6Vh1JERfoFpBsj7uLQ,La Rebaja,"C. 2 de Mayo, Latacunga 050101, Ecuador",Tungurahua,-0.9314830000000001,-78.6176172,5.0,http://larebaja.ec/,librerias
ChIJ5Vcb-G8H05ERm35daiMYrLI,LIBRERIA BONY,"060104, Riobamba 060104, Ecuador",Tungurahua,-1.6744258,-78.6580204,,,librerias
ChIJ6ftVuY951JERaU2wKGH9ai8,LIBRERIA SU ECONOMIA,"Rodríguez de Guzmán 092 y, Píllaro 180501, Ecuador",Tungurahua,-1.1717461,-78.5440512,,,librerias
ChIJTSNfbZV41JER3UXRXLrnUW4,"Librería ""Bolívar""","RFH5+J5H, Pillaro, Ecuador",Tungurahua,-1.1709462,-78.5420164,5.0,,librerias
ChIJlVg7_ahh1JERZUkLW6T4bFs,Imprenta Industria Gráfica,"C. Fernando Sánchez de Orellana, Ecuador",Tungurahua,-0.9324047,-78.6149605,4.0,,librerias
ChIJn3Jh9jmp05ERo31FcA4nHNo,Libreria Chimborazo,"Av. Eloy Alfaro, y, Riobamba 060150, Ecuador",Tungurahua,-1.6791924,-78.6409656,4.6,http://www.libreriachimborazo.com/,librerias
ChIJ4StgchuB05ERXlmD3wa6sPk,MULTICOMERCIO Y.S.,"Ambato 180202, Ecuador",Tungurahua,-1.2536426,-78.63033469999999,,,librerias
ChIJLYBCE66p05ER_L7N-z3wkGw,Librería GEOMUNDO,"10 de agosto, y, Riobamba 060104, Ecuador",Tungurahua,-1.6699422,-78.65314169999999,4.8,,librerias
ChIJ9-6WTKeB05EROGWsubQd6Ro,Libreria LNS Ambato,"Darque, y, Ambato, Ecuador",Tungurahua,-1.2367781,-78.62344000000002,4.2,https://m.facebook.com/LibreriaLNSAmbato/,librerias
ChIJe03R2OQH05ERTyhIrrdr7tU,Los Andes Internet Libreria,"88XJ+R8V, y, Riobamba 060150, Ecuador",Tungurahua,-1.6503783,-78.6692036,3.5,,libreria
ChIJcxZo0voO05ERYWZ31H2Vp0s,Libreria Santa Teresita,"Guabug, San Juan, Riobamba, Ecuador",Tungurahua,-1.5983215,-78.7815054,3.4,https://libreriasantatere.wixsite.com/santateresita,libreria
ChIJq2Rb9L141JER41VZA4RhCic,LIBRERIA EL BOTONCITO,"Pillaro, Ecuador",Tungurahua,-1.1741541,-78.5425367,4.9,,libreria
ChIJ_1dnMYcH05ERouvPc5NAoqQ,"BAZAR LIBRERIA ""ANTONIS ""","88FR+CFQ, Ave Atahualpa, Riobamba, Ecuador",Tungurahua,-1.6764029,-78.65875559999999,4.4,,libreria
ChIJFRyFS3CD05ERDlJEWmldzY0,Libreria y papelería SKS,"Paredes herrera, y, Ambato 180103, Ecuador",Tungurahua,-1.2799373,-78.6261074,5.0,,libreria
ChIJ7bhqUdqVrYMRafDbXZddwow,Librería y Papelería Pucará,"Puerto Principe, Riobamba 060110, Ecuador",Tungurahua,-1.679631,-78.6366998,,,libreria
ChIJn0ioUNmB05ERbuO3RUt0hsk,Librería Sebastián,"Av. Pedro Vásconez &, Ecuador",Tungurahua,-1.226265,-78.5967443,,,libreria
ChIJW-pUAgCZ05ERs7vCYhLf3uA,LIBRERIA Y PAPELERIA CARLITOS,"HF8P+VHX, Ecuador",Tungurahua,-1.4327712,-78.5135032,,,libreria
ChIJhf-0pwUH05ER1KxwEWU7AX4,LIBRERÍA SESQUI,"060104, Riobamba 060118, Ecuador",Tungurahua,-1.6566851,-78.6693957,,,libreria
ChIJVzdkMFan05ERH_UtPj351MM,Libreria D & S,"Avenida Tomas Ramirez, y, Guano 060501, Ecuador",Tungurahua,-1.6031304,-78.6427776,,,libreria
ChIJt7dXNnup05ER_gE0ol-_Tg0,Su Librería y Gráficas Basantes,"Primera Constituyente 2955, Riobamba 060104, Ecuador",Tungurahua,-1.6689826,-78.65325469999999,4.0,,libreria
ChIJ9ap65LuB05ER9Lf2Snk2mVU,Libromanía,"y &, Ambato 180109, Ecuador",Tungurahua,-1.2394466,-78.6282159,4.9,,venta de libros
ChIJXY5tob6B05EREZRs3uYnq94,Librería San Pablo,"entre bolivar y, C. Vicente Rocafuerte, Ambato 180101, Ecuador",Tungurahua,-1.2410561,-78.6287395,4.2,http://www.sanpablo.ec/,venta de libros
ChIJf_hnhrBh1JER3xAb7zbrCGk,Imprenta Mena & Jiménez,"y Putumayo, C. Río Pita, Latacunga, Ecuador",Tungurahua,-0.9360573,-78.6231305,3.0,,venta de libros
ChIJaeCenGyB05ERCy-u0RyX4PE,PUNTO DE VENTA SANTILLANA INGAHURCO,"El Salvador 148, Ambato 180104, Ecuador",Tungurahua,-1.2333847,-78.61431549999999,3.0,,venta de libros
ChIJI_iqZweB05ERfBYL0TG8VxQ,MyS Ediciones,"Juan Montalvo 565, Ambato 180201, Ecuador",Tungurahua,-1.242612,-78.62826319999999,3.5,https://www.facebook.com/mysedicioness,venta de libros
ChIJVVVVVYWB05ERQvHPsVOb94U,Literatura maya,"P9WG+7VC, Av. los chásquis, Ambato 180202, Ecuador",Tungurahua,-1.2543239,-78.62285399999999,,,venta de libros
ChIJVd-QSieC05ER2BYQJiFuOac,Megamaxi Mall de los Andes,"AV. VICTOR HUGO S/N, Ambato 180201, Ecuador",Tungurahua,-1.2652797,-78.6281705,4.6,https://www.megamaxi.com/,venta de libros
ChIJr9wRuCao05ERZGfJaGzt7OM,Digital Print,"Juan Montalvo 24-50 y, Riobamba 060102, Ecuador",Tungurahua,-1.6678516,-78.6525028,5.0,,libros
ChIJ94feZpep05ERMenmxyKRaVk,Wanderlot Café,"Eugenio Espejo, y, Riobamba 060111, Ecuador",Tungurahua,-1.6747007,-78.65028769999999,5.0,https://www.wanderlot.ec/,libros
ChIJb8WLwiOR05ER9cvV7-T0OT8,Libreria Viera,"Luis A. Martínez, Baños de Agua Santa, Ecuador",Tungurahua,-1.3987185,-78.4231916,4.7,,libros
ChIJWabGzS-o05ER_OtyABouRFg,Books and Bits,"Av. Daniel León Borja, Plaza Comercial Puruha, y, Riobamba 060102, Ecuador",Tungurahua,-1.6621769,-78.6619343,4.4,https://booksandbits.ec/,libros
ChIJzW7myqhh1JER4ZCfMppILP0,MARQAS BOUTIQUE GRÁFICA DE IMPRESIONES,"Dos De Mayo, Y, Latacunga 050150, Ecuador",Tungurahua,-0.9291677,-78.6184145,4.3,,libros
ChIJt-G_KWSB05ER3mKAEAkoNK4,Imprenta Gomez,"Pomelos esquina, Ambato 180108, Ecuador",Tungurahua,-1.2457153,-78.64208239999999,5.0,,libros
ChIJt6neEWup05EREFwGGFizVmg,"Librería ""LA LEY""","Av. Jose Veloz &, Riobamba, Ecuador",Tungurahua,-1.6694224,-78.6515864,4.5,,libros
ChIJTe0Lcrap05ERCbFxw9taJMY,Librería Chimborazo,"Cristobal Colon 24 10 y, Riobamba, Ecuador",Tungurahua,-1.6716313,-78.6487617,4.2,http://www.libreriachimborazo.com/,libros
ChIJiV2u7RWC05ER3Wqqhi8dfu8,expomundo,"ALFREDO JACOME, Y, Ambato 180103, Ecuador",Tungurahua,-1.2793273,-78.6351201,3.6,,libros
ChIJIY6vVv2B05ERFXdGgFANBtg,IMAGGEN Imprenta - Rotulación,"Av. El Cóndor, Y, Ambato 180101, Ecuador",Tungurahua,-1.2708847,-78.6207417,5.0,,libros
ChIJwQkOh76B05ERdbjvGijFbHM,Librería Futuro,"Q94C+XCR, Ambato 180101, Ecuador",Tungurahua,-1.2425011,-78.6289932,5.0,,libros
ChIJp7hWJRWB05ERV6uNQAgCB8Q,LUA Bakery & Coffee,"Av. Guaytambos, y, Ambato 180108, Ecuador",Tungurahua,-1.2460486,-78.640027,4.7,https://instagram.com/luabakerycoffee?igshid=OGQ5ZDc2ODk2ZA==,libros
ChIJy1724USB05ERDXwRoOL7_N4,Librería y Distribuidora M & S,"Av Cevallos, y 05-51, Ambato 180101, Ecuador",Tungurahua,-1.2424994,-78.6282672,4.2,,libros
ChIJXUnqlLqB05ERfaXpBL68G5A,Bazar y Papeleria La Tranca 5,"Calle Joaquín Aillón 07-30 y, Ambato 180101, Ecuador",Tungurahua,-1.2365304,-78.6245304,4.3,,libros
ChIJm1_W2A2D05ERLwTwNEkj3Qo,IMPORTADORA GM BRUÑO S.A.(Ambato),"Av.Guayllabamba 345 y, Ambato 180207, Ecuador",Tungurahua,-1.2654106,-78.62584,4.0,,libros
ChIJhyi3Vq-B05ERnZ8fZnjor-4,Librería Médica del Ecuador,"Ambato Avenida Bolivariana y Pan de Azúcar esquina junto a la línea del tren, Ambato 180201, Ecuador",Tungurahua,-1.2478951,-78.6202304,5.0,,libros
ChIJ37Nw-byB05ER6qg6WIFuig8,"Bazar Y Libreria ""ABC""","Q95F+4VJ, Joaquín Hervas, Ambato 180109, Ecuador",Tungurahua,-1.2421556,-78.625362,4.2,,libros
ChIJA8o3PCWB05ERjnViklueAtM,Librería Cultura,"Av. Doce de Noviembre &, Ambato, Ecuador",Tungurahua,-1.244217,-78.62675569999999,5.0,https://www.instagram.com/libreria.cultura.ambt/?hl=es-la,libros
ChIJj1zpIj_11JER01z_oOzaE38,Mercado Indigena De Saquisili,"587P+33M, Saquisilí, Ecuador",Tungurahua,-0.8372955,-78.6648218,4.3,,libros
ChIJ0f_mRAqD05ERasZN-FJMt5k,BOOKS Medical,"Julio Andrade, Ambato 180103, Ecuador",Tungurahua,-1.2884096,-78.6358858,,,libros
ChIJn16w1OSB05ERisuGVvSA2gU,Librería Bíblica,"Juan León Mera, Ambato 108103, Ecuador",Tungurahua,-1.2412929,-78.62860859999999,5.0,,libros
ChIJn4ySfQCB05ERcPTDxNexczs,Librería Española Ambato,"Ambato, Ecuador",Tungurahua,-1.2638083,-78.6394887,5.0,https://www.libreriaespanola.com/,libros
ChIJK10Ymk2p05ERErYCyL1SOYY,"LIBRERÍA & PAPELERÍA ""PRIMICIAS""","Guayaquil 26-59 y, Pichincha esquina, Riobamba 060105, Ecuador",Tungurahua,-1.6715142,-78.65255239999999,4.2,,libros
ChIJvbg0L_-B05ER5Flr1739chY,Imprenta Morejón - Agencia SRI CENTRO,"Simón Bolívar 15-64 y, Ambato 180103, Ecuador",Tungurahua,-1.2402919,-78.6280189,1.0,,libros
ChIJjWFXSgCF05ERwSZxb5sKjs4,SOLUCIONES BÍBLICAS SUCURSAL PELILEO,"MFC4+5F4, Av Padre Jorge Chacon, Pelileo, Ecuador",Tungurahua,-1.3295838,-78.5438085,5.0,https://www.instagram.com/solucionesbiblicas/profilecard/?igsh=MzM2a2pjbjl3bjVv,libros
ChIJuXBm6hWC05ERLP7IPJ2ogRw,King´s Market,"P9C7+CQM, José Peralta, Ambato 180103, Ecuador",Tungurahua,-1.2789147,-78.6355738,4.6,https://www.facebook.com/La-Oficina-Discotek-716849388387306/,libros
ChIJaUuAFcCB05ERGz3FTEdHqC8,Creart & Diseños Print,"Q947+HV7, Av. Rodrigo Pachano, Ambato 180101, Ecuador",Tungurahua,-1.2435875,-78.6353348,4.1,https://www.creart.com.ec/,libros
ChIJbe8M9sqB05ERZtTW6LaCTiU,Libreria Santo Domingo,"Juan Montalvo 6, Ambato 180101, Ecuador",Tungurahua,-1.2430494,-78.62794760000001,4.1,https://www.facebook.com/pg/libreriasantodomingo/about/?ref=page_internal,libros
ChIJDxv9LCip05ER8wqWzKB58Ns,Asteroide B612 Riobamba,"Av. Antonio José de Sucre, Riobamba 060108, Ecuador",Tungurahua,-1.6544575,-78.6461406,4.3,,libros
ChIJ25dn5t-p05ERHYRRduO_4wc,Librería Cristiana Pan De Vida,"Mercado de San Francisco, Riobamba, Ecuador",Tungurahua,-1.6749983,-78.6471546,5.0,,libros
ChIJV-FL8JNj1JERvq1c0GRwVrQ,Internet-Papeleria,"2C78+VXH, Calle Belisario Quevedo, Latacunga, Ecuador",Tungurahua,-0.9853096999999998,-78.5825175,4.3,http://edwinflch8.wix.com/arielpapeleria,libros
ChIJ16L-hSyB05ERuOb_8kguRQw,Grupo Copy Master Ambato / Distribuidor de Textos / Importadora Copy Master Ambato,"Av. Ruminahui 06-132 y, Ambato 180202, Ecuador",Tungurahua,-1.2529196,-78.62892099999999,5.0,https://facebook.com/grupocopymasterambato.ec,libros
ChIJ5zGMMhB_05ER1WxTaKbWBKU,Curtiembre Quisapincha,"Quizapincha. Av. Circunvalación Alonso Palacios y Cóndor Ambato, Quizapincha, Ecuador",Tungurahua,-1.2364285,-78.6882262,4.3,http://www.curtiembrequisapincha.com/,libros
ChIJo8VAlTOp05ERwHjebYPLjII,Mundo de Papel Riobamba,"Primera Constituyente, Riobamba 060111, Ecuador",Tungurahua,-1.674053,-78.6471993,3.3,https://www.facebook.com/p/MUNDO-De-PAPEL-Distribuidora-%C3%9Atiles-Escolares-y-Oficina-100063706115586/,libros escolares
ChIJ05DGjruB05ERR4MMHHzYPx0,Editorial Don Bosco,"Darquea 5-23, Ambato 180109, Ecuador",Tungurahua,-1.2398486,-78.6266976,,http://www.edibosco.com/,libros escolares
ChIJtZmIB96B05ER3z45A6fsqcg,SistemDemy,"Av. Juan Benigno Vela y, Mera, Ambato 180103, Ecuador",Tungurahua,-1.2427432,-78.6273058,,,textos escolares
ChIJIzRTMDWB05ERCM412V3OKuI,Ilvem Ecuador l Ambato,"Sucre, y, Ambato 180101, Ecuador",Tungurahua,-1.241809,-78.6281983,4.8,https://ilvemecuador.com/,textos escolares
ChIJIUfp8eeB05ERRhoBl_IcCKc,DIARIO EL HERALDO,"05-37 y, Juan Montalvo, Ambato 180101, Ecuador",Tungurahua,-1.2424132,-78.6284208,3.9,https://www.elheraldo.com.ec/,textos escolares
ChIJzXxkSNiB05ERkyHHd-1c4dM,Ötlet_ideas,"P9R7+8M6, Ambato 180101, Ecuador",Tungurahua,-1.259223,-78.6358661,5.0,https://www.facebook.com/otlet10,material educativo
ChIJKab2w9WB05ERXipS-2N-aaQ,Genius Juguetes y Material Didáctico,"Q98P+979, Venezuela, Ambato 180104, Ecuador",Tungurahua,-1.2340951,-78.6142563,5.0,,material educativo
ChIJlfRQX_Fh1JERVw6HXXBn1Pw,Didaktika Material Didactico Ecuador,"Av. Atahualpa, y, Latacunga, Ecuador",Tungurahua,-0.9391706,-78.6079121,,https://www.materialdidacticoecuador.com/,material educativo
ChIJH4Dqvj5h1JERO2mngDUCLQA,Ilvem Ecuador | Latacunga,"C. Manuel de Jesús Quijano y Ordoñes 1146-1272, Latacunga 050102, Ecuador",Tungurahua,-0.9374971999999999,-78.6127293,4.9,https://ilvemecuador.com/,material educativo
ChIJoYJFjDaB05ERFhpcVTKSOCQ,NICPREU Preuniversitario,"Av. Atahualpa, y, Ambato 180101, Ecuador",Tungurahua,-1.2589894,-78.6294824,5.0,https://nicpreuniversitario.com/,material educativo
ChIJQdIB-jGo05ERgI4qo5jd--Q,"Papeleria ""San Francisco""","Primera Constituyente, Riobamba, Ecuador",Tungurahua,-1.676401,-78.64494599999999,4.3,,material educativo
ChIJvXxJ-jmp05ERJsmnk3Mn_VQ,Todo Arte Papelería kawaii,"10 de Agosto, Riobamba, Ecuador",Tungurahua,-1.6764817,-78.64579239999999,4.0,https://www.instagram.com/invites/contact/?i=1qtrdqpprhcm9&utm_content=h8dni3x,material educativo
ChIJcZseUL1m1JERiIUd7CbZRwQ,"Unidad Educativa ""Sumak Kawsay""","2FW4+X93, Latacunga, Ecuador",Tungurahua,-0.9526083,-78.5440656,4.0,,material educativo
ChIJbRVSDldh1JERIdVyr0Xws3w,NICPREU Preuniversitario,"C. Quito, Latacunga 050150, Ecuador",Tungurahua,-0.9356403999999998,-78.614902,4.9,https://nicpreuniversitario.com/,material educativo
ChIJzdm5VEFh1JERKsx13aKqM3Q,Operadora de Capacitación San José,"y del Copal, Av Unidad Nacional, Latacunga 050101, Ecuador",Tungurahua,-0.9570275,-78.6111687,4.9,http://www.sanjoseoperadora.com/,material educativo
ChIJeW6Yoeup05ERIfcNaUKCsyY,Librería,"1234, Riobamba, Ecuador",Tungurahua,-1.6580781,-78.6436025,,,material educativo
ChIJFwmr1C-o05ERNpoG9qR_9Yc,Unidad Educativa San Felipe Neri,"Juan de Velasco 2438, Riobamba, Ecuador",Tungurahua,-1.6737406,-78.6458135,4.3,http://www.sfelipeneri.edu.ec/,material educativo
ChIJwRrVruYH05ERIfppiIaUH3k,"Unidad Educativa ""Víctor Proaño Carrión""","Rafael Badillo y Av, Calpi, Ecuador",Tungurahua,-1.6465114,-78.7423177,,,material educativo
ChIJlZVX9AkH05ERytlP16KFA0c,New Age Kids,"Saint Amand Montrond, Riobamba 060103, Ecuador",Tungurahua,-1.6546349,-78.6634876,,,material educativo
ChIJ8ywQg_oH05ERR2gcb8lWcIE,"Unidad Educativa ""Pensionado Americano International School""","Dolores Veintimilla &, Riobamba, Ecuador",Tungurahua,-1.6525885,-78.66577629999999,,http://www.pensionadoamericano.edu.ec/,material educativo
ChIJo2mvoUCC05ER3p-wXHbLYCY,Unidad Educativa Suizo,"P98C+R3V, Ambato, Ecuador",Tungurahua,-1.2829,-78.6298147,,,material educativo
ChIJO3nDyyaC05ERq0sclsgVJ3w,TEDMA Academy - Escuela de Música Online Internacional,"Geometría Moral SW1-70, Ambato 180203, Ecuador",Tungurahua,-1.2707613,-78.6295913,4.9,https://escuelamusicalonline.com/,material educativo
ChIJpdT8TyaC05ERJ7pGBaY0m9w,Faculty of Humanities and Education,"Río Guayllabamba, Ambato 180207, Ecuador",Tungurahua,-1.2666667,-78.62488979999999,4.6,http://fche.uta.edu.ec/,material educativo
ChIJiQP8I_8H05ERXG4KdYbZlqc,Papelería Norte,"Canónimo Ramos, C. César León Hidalgo, Riobamba 060102, Ecuador",Tungurahua,-1.6615532,-78.66355899999999,5.0,https://www.facebook.com/Papeler%C3%ADa-Norte-Riobamba-102336674939733/?modal=admin_todo_tour,papelería
ChIJQwBxhfhh1JERxs2DijP5274,Papelería Gallardo,"399C+CF9, Latacunga, Ecuador",Tungurahua,-0.9314634,-78.62875050000001,4.8,,papelería
ChIJLTBQXv2T1JER0WLrvaK-bnw,INTYNET- SUPER PAPELERIA DEL AHORRO CHIBULEO,"COTOPAXI PUJILI, Zumbagua 050104, Ecuador",Tungurahua,-0.9620107999999999,-78.8990596,4.5,,papelería
ChIJ83GefXhh1JERw2RtYRXYxZo,"Papelería ""Speednet""","y La Copal, Av Unidad Nacional, Latacunga 050102, Ecuador",Tungurahua,-0.9556945000000001,-78.6110266,4.4,,papelería
ChIJaSKoBLOB05ER_9XMRLYU63U,Papelería A & A,"Vírgen del Sol &, Ambato 180101, Ecuador",Tungurahua,-1.2278547,-78.6260583,5.0,,papelería
ChIJb_OvW72D05ERylH9ueMC6Ko,Papelería la fuente del saber,"PC56+G78, 10 De Agosto, Ambato 180205, Ecuador",Tungurahua,-1.2912035,-78.5892971,4.5,,papelería
ChIJNRcp_Z9f1JERtN7eXF7dyD4,Bazar y Papelería C&C,"Av. Miguel Iturralde 50-60, Latacunga, Ecuador",Tungurahua,-0.8875381,-78.61639939999999,4.7,,papelería
ChIJPX0-51SD05ERuiGEbEkGqRM,"Papelería y Maquetas ADRY'S, bazar y algo más...","Unnamed Road, Ecuador",Tungurahua,-1.3331372,-78.6381497,4.5,https://www.facebook.com/125670570444998,papelería
ChIJ1zSR27-R05ERIa6nij1ifKQ,Papelería Magic Cartoon,"16 de diciembre, y, Baños de Agua Santa 180250, Ecuador",Tungurahua,-1.3967207,-78.4215033,5.0,https://www.facebook.com/profile.php?id=100063704633891,papelería
ChIJkwsygT6p05ERIxQJrTzU-Gg,Bazar y Papelería NC,"Febres Cordero 1643, Riobamba 060111, Ecuador",Tungurahua,-1.6714487,-78.6426489,5.0,,papelería
ChIJRaSmJQCD05ERLFPFSmUjbRU,"PAPELERÍA Y VARIEDADES ""QUE NOTA""","Picaihua, Tangaiche, Ambato 180214, Ecuador",Tungurahua,-1.2917544,-78.59132819999999,5.0,,papelería
ChIJeTgqNE6C05ER9Og8EznGuM8,"Papelería y Cyber ""Anny""","Parroquia, Ambato 180215, Ecuador",Tungurahua,-1.2911227,-78.6196539,4.4,,papelería
ChIJP9NY9vCB05ERTj_8-2qEJCI,Internet@,"César Cantu, Ambato 180101, Ecuador",Tungurahua,-1.2614528,-78.6429701,4.7,https://internet-paperstore.negocio.site/,papelería
ChIJAc8HEvOB05ER7BGra1u5qwc,Bazar y Papeleria Anahi,"RC32+99W, Via Sta. Fe, Ambato 180152, Ecuador",Tungurahua,-1.1965236,-78.59904499999999,4.7,,papelería
ChIJ-0mEgsqB05EREwGxztzZC5w,PAPELERIA Y BAZAR PAZ.NET,"180204, Ambato 180204, Ecuador",Tungurahua,-1.2611038,-78.6326078,5.0,,papelería
ChIJleJfjjkH05ER8Y6B6XXZzuE,Internet y Papelería RyR,"riobamba Av. 11 de noviembre, y, Riobamba 060104, Ecuador",Tungurahua,-1.6610443,-78.6747686,5.0,,papelería
ChIJaxJBQQBh1JERA9VnPjmfnzg,Papelería Mega Student Latacunga,"Av.Antonio Clavijo 1-140, Ecuador",Tungurahua,-0.9306333999999999,-78.618135,4.0,,papelería
ChIJwerGHwCB05ER6kr69ftZy3I,Papeleria Benjamin,"AVENIDA BOLIVARIANA, FRENTE A LA UNIDAD EDUCATIVA GUAYAQUIL, Y, Ambato, Ecuador",Tungurahua,-1.2590942,-78.6140071,5.0,https://papeleriabenjamin.com/,papelería
ChIJJTwiuj6B05ERrAKmJ3MVWuQ,Papelería y Variedades Valdéz,"180205, Ambato 180205, Ecuador",Tungurahua,-1.257413,-78.614492,5.0,,papelería
ChIJ-Se53lFg1JERN8w50qFGIsE,Pawa Papeleria,"Latacunga, Ecuador",Tungurahua,-0.8652391,-78.5957993,3.0,,papelería
ChIJf2iQ7mip05ERN-xs4zvXWJA,SAMY Papelería,"Av. Alfonso Chávez, y, Riobamba, Ecuador",Tungurahua,-1.6611699,-78.6379433,5.0,https://www.facebook.com/SAMY-Papeler%C3%ACa-103601675795883/?ref=page_internal,papelería
ChIJ00fB-qsH05ERCvYBBxjVrk0,"Bazar & Papeleria ""Anita""","Colombia &, Riobamba 060104, Ecuador",Tungurahua,-1.6699773,-78.6588785,5.0,,papelería
ChIJlzQFZtWp05ER4BAcoDuo-KA,LEBRERÍA Y PAPELERÍA CLAMOR DE DIOS,"060107, Riobamba, Ecuador",Tungurahua,-1.6603769,-78.6493472,5.0,,papelería
ChIJO-A161iL1JERGxzEQcCQDLY,Bazar y Papelería Danielita,"Jose Joaquin de Olmedo 8-10, Pujilí 050401, Ecuador",Tungurahua,-0.9534760000000001,-78.6957949,5.0,,papelería
ChIJKzbLVniB05ER41LOiFGH59Q,Martina Bazar y Papelería,"Ambato 1, Ambato 150303, Ecuador",Tungurahua,-1.2542666,-78.6229475,5.0,,papelería
ChIJVfZWLt2B05ER1b8uW8VVnb0,Papelería & Bazar la Nube,"Jose Suárez y pasaje José Freile, Ambato 180202, Ecuador",Tungurahua,-1.2537186,-78.6240092,4.0,,papelería
ChIJOxYj84OB05ERD5O47f7XraQ,Cyber Ficoa,"Av. los Guaytambos 12 - 59 y, Ambato 180101, Ecuador",Tungurahua,-1.2444824,-78.6387099,4.5,,papelería
ChIJ81XMuz6p05ER4_NCBATP6Dk,Bazar y Papeleria Buena Nota,"Nueva York 3660, Riobamba, Ecuador",Tungurahua,-1.6615425,-78.6525987,5.0,,papelería
ChIJe2KMWjVh1JERu-sY1BU_iME,Papeleria Super Exito - Llanta Radial,"Juan Abel Echeverria, y 10-68, Latacunga 050103, Ecuador",Tungurahua,-0.929985,-78.6125969,5.0,,papelería
ChIJ-VfrZk2F05ERWrcq3ufcq20,The Student,"180701, Pelileo, Ecuador",Tungurahua,-1.3244776,-78.5384486,4.7,,papelería
ChIJNUXycS-D05ER-xYkiBnVMpo,Minimarket y Papelería Famey,"Ambato, Ecuador",Tungurahua,-1.2873775,-78.6311419,3.3,,papelería
ChIJl8dEoI-B05ERDDTWzZvO-fA,PAPELERIA FANTASY,"Av. Pichincha, Ambato 180202, Ecuador",Tungurahua,-1.2568153,-78.6245251,5.0,,papelería
ChIJMd_dXi6K1JERPslep1qXZLg,EVA Economia y Variedades,"28V4+M2G, Unnamed Road, Pujilí, Ecuador",Tungurahua,-0.9558205,-78.69490689999999,5.0,,papelería
ChIJ-2f_5x9h1JERYylpdRC0VaE,Bazar y Papelería Butterfly Store,"Gonzalo Mostesdeoca, y, Latacunga 050106, Ecuador",Tungurahua,-0.9682773,-78.6140875,5.0,https://t.me/bttrflyltga,papelería
ChIJz6ztwDmD05ERhJ2gd3DGTE4,"Papelería y librerìa ""Yayo y Yaya""","P985+G65, Vía a Sta Rosa, Ambato, Ecuador",Tungurahua,-1.2837495,-78.64188209999999,3.7,https://www.facebook.com/yayoslibreria,papelería
ChIJqW4scyqp05ER_fujzEs7ZNY,Importadora Merino - Suministros de Oficina y Papeleria,"Av. Alfonso Chavez, Riobamba 060108, Ecuador",Tungurahua,-1.6612854,-78.6376538,5.0,,papelería
ChIJn0BeVriB05ERhSykPasdKsU,AmbaTech Tecnología y Papelería,"Nary Pillahuazo, y, Ambato 180202, Ecuador",Tungurahua,-1.2576654,-78.62915,5.0,https://www.facebook.com/profile.php?id=100093195937177&mibextid=ZbWKwL,papelería
ChIJ_bC8Gbt91JERafQ6HRR5hgI,Bazar y papelería Carlitos,"050601, Salcedo 050601, Ecuador",Tungurahua,-1.0428797,-78.587806,5.0,,papelería
ChIJbYJ2RHbt1JERbxXLUxjCtHw,CYBER DOÑA MECHITA,"53GR+VR4 Guayama san pedro, Chucchilán, Ecuador",Tungurahua,-0.8228662999999999,-78.90792669999999,5.0,,papelería
ChIJRdoVxT-C05ERLzrj8mRpaUI,SERVICARTON CIA. LTDA.,"Ramón Salazar, la Esperanza, y, Ambato 180103, Ecuador",Tungurahua,-1.2811687,-78.6334346,4.5,http://www.mikrocarton.com/,papelería
ChIJIRwthl991JERqsihOomMsUY,Mini Bazar Papelería,"XC32+GJ8, Salcedo, Ecuador",Tungurahua,-1.0462012,-78.5984314,5.0,,papelería
ChIJ-SAmOJuB05ERMKYJxiiKsVE,"Minimarket Natalia l Tienda, Bazar, Papelería y Víveres","Q927+5GX, Ambato 180101, Ecuador",Tungurahua,-1.2495205,-78.6361402,4.8,,papelería
ChIJG_omACyo05ERRDeRBXtfjW4,Papeleria Sabbath,"Colombia entre 5 de junio, Eugenio Espejo, Riobamba, Ecuador",Tungurahua,-1.6764845,-78.65140219999999,4.5,,papeleria
ChIJfRbxpv6p05ERSWIjymCl1bQ,Cyber Papeleria,"Colombia &, Riobamba, Ecuador",Tungurahua,-1.6717494,-78.65666740000002,5.0,,papeleria
ChIJYT56Hi2D05ERe7F3515iFRA,LILI CYBER PAPELERIA,"PCF7+HWH, Picaihua 180204, Ecuador",Tungurahua,-1.2760689,-78.5851347,5.0,,papeleria
ChIJhxgH6c4H05ERNnNVAO5JUJI,Bazar & Papeleria,"87WV+R35, Atacames, Licán, Ecuador",Tungurahua,-1.6529798,-78.70725709999999,5.0,,papeleria
ChIJl3IffIWB05ERItf41kU5whI,Papeleria ArtAttack,"Guayaquil 03-46, Ambato 180101, Ecuador",Tungurahua,-1.2443948,-78.6303427,4.0,,papeleria
ChIJqfaBXaqD05ERzqKJmjFDVXk,Bazar y Papeleria P&P,"Dr. Gustavo Álvarez Gavilanes, Ambato 180205, Ecuador",Tungurahua,-1.2936226,-78.5940456,4.1,,papeleria
ChIJfdlYju4H05ERFL2pFbCt9NE,CLIP'S PAPELERIA Y SUMINISTROS,"88VH+796, Av. 11 de Noviembre, Riobamba, Ecuador",Tungurahua,-1.6568316,-78.6716094,3.7,https://www.facebook.com/ClipsRiobamba/,papeleria
ChIJH1vCsz2o05ERNMAA6P8MAIc,NICOLE'S BAZAR Y PAPELERIA,"89P5+58R, Riobamba, Ecuador",Tungurahua,-1.6645091,-78.6417285,5.0,,papeleria
ChIJreQr-cCp05ER4818WXsIuq0,"Tienda, Bazar y Papeleria Susanita","Barrio Pisin, Riobamba 060104, Ecuador",Tungurahua,-1.6694032,-78.6280017,5.0,,papeleria
ChIJEXQjNcl51JER84MPSDaFOww,"BAZAR Y PAPELERIA ""ADRIANITA""","C. Bolivar, Píllaro, Ecuador",Tungurahua,-1.1713187,-78.5420122,5.0,,papeleria
ChIJ0S-CWbmB05ERfLIFag95b-Q,Caicedo Importadora,"Martínez 410, Ambato 180109, Ecuador",Tungurahua,-1.2401333,-78.6285746,4.7,https://caicedoimportadora.com/,papelerías
ChIJIzA9RQCn05ERjnja5LrLCDg,"Bazar y Novedades ""KATE""","Cap. Edmundo Chiriboga &, Ecuador",Tungurahua,-1.6403263,-78.6522571,5.0,,útiles escolares
ChIJcY0wh36D05ER6JOgTllIk5I,MULTIMARKET ESTEBAN-ALEXANDER,"180103, Ambato 180103, Ecuador",Tungurahua,-1.27109,-78.62996869999999,4.8,,útiles escolares
ChIJlzZ-daWB05ER-iVON5QYHhU,Distribuidora Ambato,"Av. Doce de Noviembre &, Ambato 180103, Ecuador",Tungurahua,-1.2365072,-78.61985829999999,4.3,,útiles escolares
ChIJU22R7YqB05ERAhLf1t9yJlg,Dilipa,"Calle Verdeloma y Pasaje, Guagrahuma, Ambato 180205, Ecuador",Tungurahua,-1.2402892,-78.6163219,4.5,https://www.dilipa.com.ec/,útiles escolares
ChIJOQ6nQPEH05ERokKYJp_AJI0,SuperPaco Multiplaza Riobamba,"Av.Lizarzaburu S/N C.C. Multiplaza Riobamba, Riobamba 060107, Ecuador",Tungurahua,-1.6565429,-78.66367939999999,4.3,http://www.superpaco.com/,útiles escolares
ChIJSR19wbeE05ERR_71i8bgbOU,BAZAR Y UTILES ESCOLARES LUISITA,"Centro,, MF94+J6C, Pelileo, Ecuador",Tungurahua,-1.3309409,-78.5444689,,,útiles escolares
ChIJ73zglEqo05ER0WdySCwPkZA,Inpapel Cia Ltda,"Ave Celso Rodriguez, Riobamba 060150, Ecuador",Tungurahua,-1.679988,-78.63287199999999,4.1,http://www.inpapel.com/,útiles escolares
ChIJKQ6HfhSB05ERroJ_bISOAIU,Importadora Jiouli,"Av. Doce de Noviembre, Ambato 180104, Ecuador",Tungurahua,-1.2362764,-78.6191024,4.0,https://importadorajiouli.com/,útiles escolares
ChIJ1fLuj9Lh05ERqIh0b3HY9fs,Emānuels Ĺibrería Papełería y Techzone,"Av. Confraternidad, y KM 5, 180205, Ecuador",Tungurahua,-1.2895162,-78.605105,4.7,,útiles escolares
ChIJr6raRLuB05ERh_FYBvS4Kas,EL REMATE IMPORTADORA,"Edificio El Remate Importadora, Av. Doce de Noviembre, Ambato 180150, Ecuador",Tungurahua,-1.2394979,-78.6237108,4.2,http://www.elremate.com.ec/,útiles escolares
ChIJczb03Qpj1JERlrW_vDq4YV0,La Nueva Papeleria Sur,"Carlos Robles, Latacunga, Ecuador",Tungurahua,-0.9640566,-78.6116728,4.7,,útiles escolares
ChIJ811iVq6d05ERq1qrvnGkQ9M,Libreria Sandrita,"J98J+656, Ecuador",Tungurahua,-1.3844591,-78.6196011,5.0,,útiles escolares
ChIJ0WwABXSp05ERdG6EWbUMaoQ,Papeleria,"8988+V3F, Riobamba, Ecuador",Tungurahua,-1.6828184,-78.6348155,5.0,,útiles escolares
ChIJCwoxIbuB05ERBTyKt-Ie-lk,Mundicell,"Primera Imprenta, Ambato, Ecuador",Tungurahua,-1.2380017,-78.6241331,4.3,http://www.mundicell.com.ec/,útiles escolares
ChIJ5X1GoiuB05ERmgdduhzv3oA,IMPORTADORA JURADO AMBATO by Jurado Group Cía Ltda,"Q96G+2FF, Av. Doce de Noviembre, Ambato 180201, Ecuador",Tungurahua,-1.2399498,-78.62381429999999,,,útiles escolares
ChIJM6yE8Z1505ER8Z8EIaj4-I0,Paleleria Utiles Escolares,"M7X9+297, PARROQUIA PILAHUIN, Ecuador",Tungurahua,-1.302452,-78.73157619999999,5.0,,utiles escolares
ChIJ42Da3GR505ERz-qgA8wutmo,Mega Smart,"Garcia Moreno y, P88M+HRP, Sucre, Ambato 180165, Ecuador",Tungurahua,-1.2835279,-78.6654155,5.0,https://tuffgongo.wixsite.com/megasmart,utiles escolares
ChIJF7sHEkb11JER0cr3cR2L4uQ,PAPELERÍA DANIELITA`S - Libreria - Utiles Escolares - Manualidades en Saquisili,"586M+PQM, Saquisilí, Ecuador",Tungurahua,-0.838171,-78.66556899999999,5.0,,utiles escolares
ChIJzScXy9Nh1JER3gisCzv8_PI,Cyber Market,"AV General Proaño, 39FP+27V, y, Latacunga 050150, Ecuador",Tungurahua,-0.9273885,-78.614324,,https://cyber-market.jimdosite.com/,utiles escolares
ChIJZQJNDw2p05ER15CDjs8RucE,ProEscolar,"Barón de Carondelet, Riobamba, Ecuador",Tungurahua,-1.6792925,-78.6517066,5.0,,utiles escolares
ChIJ8TiKl65h1JERunDXKG9CeWg,La Rebaja,"Av. Amazonas, Latacunga 050101, Ecuador",Tungurahua,-0.9306304,-78.6187372,4.3,http://www.larebaja.ec/,utiles escolares
ChIJmQgyR_EH05ERf_Yru61_kXk,MultiPlaza Riobamba,"Av. Lizarzaburu S/N, Riobamba, Ecuador",Tungurahua,-1.6567979,-78.6637987,4.4,https://multiplaza.com.ec/,utiles escolares
ChIJubOsm3CB05ERvlVOz_PTxyE,Marceci,"Q95Q+M2R, Portugal, Ambato 180104, Ecuador",Tungurahua,-1.2407529,-78.6124796,4.0,,utiles escolares
ChIJaUVIqYSn05ERAOKK1cFCO1g,EMPRESA IMPANDI DE IMPORTACIONES S. A.,"Las Abras, Vía Riobamba Guano Km 3, Riobamba 060107, Ecuador",Tungurahua,-1.6391244,-78.640129,5.0,https://www.impandi.com/,utiles escolares
ChIJS1X4Upyp05ER4Yf1gRoU1Wo,Mega Ventas MCM,"10 de agosto, y, Riobamba, Ecuador",Tungurahua,-1.6722284,-78.6506522,1.0,https://megaventasmcm.com/,utiles escolares
ChIJoXITGXiB05ER62prjCnc96A,Utiluse,"Las Aguacollas, Ambato 180163, Ecuador",Tungurahua,-1.2352619,-78.6360467,,https://stevenhernandez069.wixsite.com/utilise,utiles escolares
ChIJTThOTm5h1JERX_paOYAP8WU,Fundación de Ayuda Social Shun-Go,"C. Antonia Vela &, Latacunga, Ecuador",Tungurahua,-0.9252865,-78.6220719,,https://www.facebook.com/FundacionShungoEc/,utiles escolares
ChIJJy-BTkSb05ERzJxab7p5PJ8,COMPUCENTRO LIBRERÍA&PAPELERÍA,"Calle Juan Montalvo y 10 de Agosto, Huambaló, Ecuador",Tungurahua,-1.3891142,-78.52975699999999,5.0,,suministros de oficina
ChIJa3wmRySB05ERG9XY-HMMlGM,Bazar y Papelería La Tranca 3,"Vargas Torres 07-18 y, Ambato 180103, Ecuador",Tungurahua,-1.2357193,-78.62377579999999,3.0,,suministros de oficina
ChIJITRJ8Tyo05ERTO9aq-H96BQ,Maxxnet - Centro de Atención 1,"5 de Junio, y, Riobamba 060102, Ecuador",Tungurahua,-1.6652142,-78.6416653,4.1,https://www.maxxnet.ec/,suministros de oficina
ChIJSUKzJpKB05ERjwaN1Fxx1_s,Copy M@ster,"Av. Ruminahui 06-132 y, Ambato 180202, Ecuador",Tungurahua,-1.2529287,-78.6289161,4.4,https://facebook.com/importadoracopymasterambato,suministros de oficina
ChIJB80xhZuD05ERu-4c_IUKYuY,LLER&SA DISTRIBUIDORA DE PAPELERIA Y SUMINISTROS DE OFICINA,"Ambato 180207, Ecuador",Tungurahua,-1.3386637,-78.608187,5.0,,suministros de oficina
ChIJU1UVVFOA05ERz-1JFZce5ws,INTERCOMPU,"Ambato 180104, Ecuador",Tungurahua,-1.225789,-78.61744150000001,4.3,,suministros de oficina
ChIJDeS9TquD05ER4o9n1j8Mwb4,COMPUPAPEL SUMINISTROS PARA PLOTEO PLANOS,"Av. Cervantes &, Ambato 180103, Ecuador",Tungurahua,-1.2744773,-78.63583969999999,,,suministros de oficina
ChIJYUq398Op05ERGObpVgyvuJg,Estampadora Paulino´s Y Personalizados Danny´s,"Jaime Roldós, y, Riobamba 060103, Ecuador",Tungurahua,-1.6590092,-78.64437649999999,4.7,https://aquiencontre.com/estampadora-riobamba-paulinos/,suministros de oficina
ChIJMZB3KK-B05ERxwrTJz3TkH0,Pc Expert,"Av. Colombia 01-108 Entre Av De Las Americas Y, Chile, Ambato 180150, Ecuador",Tungurahua,-1.233442,-78.61789209999999,4.3,http://www.pcexpert.com.ec/,suministros de oficina
ChIJVSgFYDuo05ERyeeSv2c4sto,Libreria los altares,"Eugenio Espejo &, Riobamba, Ecuador",Tungurahua,-1.6669475,-78.6439582,4.4,,suministros de oficina
ChIJP7EhD7-B05ERCZOomCBlS7w,"OZALID / PUBLIGRABADOS (Rotulación, Grabados, Señalética, Sellos y Artículos Publicitarios)","Perez De Anda 01-242 y, Ambato 180103, Ecuador",Tungurahua,-1.2422065,-78.6322519,4.8,http://www.publigrabados.com/web/,suministros de oficina
ChIJR3cmPo-B05ER6RRjGMRd1Vw,Cámaras de seguridad Ambato| ALTA SEGURIDAD | Alarma de seguridad Ambato | Cercos eléctricos Ambato,"Zopozopangui 0131y, Ambato 180202, Ecuador",Tungurahua,-1.2579918,-78.6245218,5.0,https://alsegseguridad.com/,suministros de oficina
ChIJy-CLj_uD05ERvz1yRKZzVJk,MELAMINATIC EC,"Carlos Amable Ortiz, y, Ambato 180210, Ecuador",Tungurahua,-1.2769991,-78.6157296,,https://www.facebook.com/profile.php?id=61565034872986,suministros de oficina
ChIJKfGCveKB05ER5X3A7V61x7Q,Econoprint S.A. - Ambato Norte,"Av. Luis Pasteur, edificio Buena Vista, y, Ambato 180104, Ecuador",Tungurahua,-1.2310486,-78.61670649999999,4.9,https://tiendaeconoprint.com/,suministros de oficina
ChIJ-WBaSSKC05ER81Tt8xFxH8w,OFFICE AMERICA SUM. OFIC. Y COMPU.,"Marcos Montalvo, Ambato 180103, Ecuador",Tungurahua,-1.2699581,-78.63167680000001,4.6,,suministros de oficina
ChIJ9VQXnCyB05ERTf-J8OOyx-Y,Tecnomundo Importaciones,"Benalcazar 0257 y, Ambato 180101, Ecuador",Tungurahua,-1.2472347,-78.6327337,5.0,,suministros de oficina
ChIJQ-Ikxb2B05ERer4TIvQlQqc,Copixerox,"Juan Montalvo 05-30, Ambato 180101, Ecuador",Tungurahua,-1.2432258,-78.6277782,5.0,,suministros de oficina
ChIJxfxfgTCC05ER93hWf6QT2eA,Serigrafía Buestan - Sucursal Ambato #1,"P9FG+JXR, Julio Jaramillo Laurido, Ambato 180210, Ecuador",Tungurahua,-1.275882,-78.62259519999999,4.2,http://serigrafiabuestan.com/,suministros de oficina
ChIJsVhZQMCp05ER1sGkEQR4q-s,AGROSOLVER,"Av. Antonio José de Sucre 1, Riobamba 060107, Ecuador",Tungurahua,-1.6456311,-78.6412619,,,suministros de oficina
ChIJD0PxIruB05ER1IMr4yPq_OI,ALMACEN GEOVANNA,"09-28 y, Primera Imprenta, Ambato 170308, Ecuador",Tungurahua,-1.2386908,-78.6247267,5.0,https://omysonline.com/almac%C3%A9n-geovanna,suministros de oficina
ChIJB02iFSCB05ERi_htsRkkQ6g,La Tienda Gráfica,"Darquea 0551, Ambato, Ecuador",Tungurahua,-1.2369146,-78.6235493,5.0,,suministros de oficina
ChIJsW8Unf-p05EREkKOU5GGYIw,Astra Muebles Riobamba - Mobiliario - Sillas de oficina.,"Av. Antonio José de Sucre, y, Riobamba 080603, Ecuador",Tungurahua,-1.663275,-78.6430864,5.0,,suministros de oficina
ChIJzaaJeaJ405ERdaeq7aHv9_Y,Papeleria Y Bazar ORIGAMI,"neptali sancho y via a, P88P+X37, Guaranda, Ecuador",Tungurahua,-1.2825779,-78.6648302,,,suministros de oficina
ChIJQR-5ElSA05ERJ0QWTasY9QE,AINIV - Automatización Industrial y Compresores en Ambato,"Av. 13 de Diciembre, Ambato 180109, Ecuador",Tungurahua,-1.222418,-78.6163895,4.3,http://www.ainiv.com.ec/,suministros de oficina
ChIJdztPTraB05ER5xSDlPprmNA,Polipapel,"Av. Manuela Saenz, CC Paseo Shopping, Y, Ambato 180150, Ecuador",Tungurahua,-1.2636798,-78.6388377,,https://www.polipapel.com/,suministros de oficina
ChIJXzaEzRCB05ERS8Wl6nT96qE,Polipapel,"Av. De las Americas, C.C MULTIPLAZA, y, Ambato 180104, Ecuador",Tungurahua,-1.233351,-78.618603,,https://www.polipapel.com/,suministros de oficina
ChIJqcHjbAmB05ERrZmshdRZBNg,Nova Stitch,"Darque 01-115 y, Unidad Nacional, Ambato 180105, Ecuador",Tungurahua,-1.2354374,-78.62186779999999,5.0,,suministros de oficina
ChIJrWq011an05ERBA9hF0tjYdA,Campus Store EC,"Via a, Guano, Ecuador",Tungurahua,-1.6376903,-78.6395489,,,suministros de oficina
ChIJrbdjYweD05ERQ1sDrryMeio,SOLUTECNIKA - Sika Ambato,"Cueva Celi, Barrio Solis, y, Ambato 180103, Ecuador",Tungurahua,-1.2779595,-78.6240782,4.8,,suministros de oficina
ChIJ-0cz-fyB05ERTZhPwWjDJW4,Distribuciones Disvalbo Cia. Ltda.,"180150, Ambato 180202, Ecuador",Tungurahua,-1.2579256,-78.6265239,3.0,https://www.disvalbo.com/,suministros de oficina
ChIJLc6mjl-B05ERbrsqse0mxFo,A.M Distribuciones,"Av Cevallos, y, Ambato 180101, Ecuador",Tungurahua,-1.2470119,-78.6310469,,https://sites.google.com/view/novomedina/inicio,suministros de oficina
ChIJs1oEMgCB05ERY-h7j-5z8aI,Cooperativa de Ahorro Y Credito Union Familiar,"Av. 22 de Enero &, Ambato, Ecuador",Tungurahua,-1.21842,-78.6110112,4.5,,suministros de oficina
ChIJi144cRSB05ERtXKkxilVSow,Suministros VJ,"Ambato 180201, Ecuador",Tungurahua,-1.241092,-78.6242956,,https://bookjuanes.my.canva.site/catalogosuministrosvj,suministros de oficina
ChIJgXnFfOuA05ERzZaTBXzGUgc,INGENIUSLAB-EC Soluciones Informáticas,"Av. INDOAMERICA KM. 7 vía a Quito A 150m de la ESFORSE - Frente al Ingreso a MACASTO, Ecuador",Tungurahua,-1.2117263,-78.5932653,4.1,http://www.ingeniuslab-ec.com/,suministros de oficina
ChIJB06hVLmB05ERyiuExW0BdGM,Garcia Design,"Darquea 180109, Ambato 180109, Ecuador",Tungurahua,-1.2391941,-78.6259091,4.4,,suministros de oficina
ChIJy_OiJrBh1JERDkuLlOjAOTg,Integ (Internet. Networks. Technology),"Av. 5 de Junio 3-58, Latacunga 050107, Ecuador",Tungurahua,-0.9331891,-78.6226172,3.4,,suministros de oficina
ChIJKXTGX0qB05ERY6rLIoC6Jgs,Almacen Don Víctor,"Q96F+6HQ, Ambato 180109, Ecuador",Tungurahua,-1.2394109,-78.6260246,,,suministros de oficina
ChIJX7UIkjyC05ERr8s2B3D9j7I,Pintulac Huachi Chico,"Av Atahualpa, Ambato 180207, Ecuador",Tungurahua,-1.2725831,-78.6294032,4.2,https://www.pintulac.com.ec/,material de oficina
ChIJl3m3ewth1JERNbxeZnlkBXM,PROMELEC VENTA DE MATERIAL ELÉCTRICO AL POR MAYOR,"C. Diego Noboa 28, Ecuador",Tungurahua,-0.9249647,-78.62049739999999,5.0,,material de oficina
ChIJE-rDl0mB05ERDvHIFP_fTTU,Kywi C. C. Caracol,"Av. los Guaytambos 1589, Ambato 180101, Ecuador",Tungurahua,-1.2385594,-78.63390559999999,4.5,http://www.kywi.com.ec/,material de oficina
ChIJOV8D2mqD05ERXbl8JKHau1A,Edimca Ambato,"Av Atahualpa, Ambato 180207, Ecuador",Tungurahua,-1.2691962,-78.62923959999999,3.9,http://www.edimca.com.ec/,material de oficina
ChIJWbP71Hh505ERJopgaJV_xfE,Ambatechos,"Vía a Sta Rosa, Ambato, Ecuador",Tungurahua,-1.300073,-78.66819509999999,4.8,,material de oficina
ChIJzwiZjABh1JER3P0f7OP0UWU,CONVIALCAR S.A.,"C. Juan Abel Echeverria, Ecuador",Tungurahua,-0.9278016,-78.6101528,5.0,,material de oficina
ChIJ95qAVrZ81JERrEx1loEWvDg,DecorArte Salcedo by ProveconsAcabados,"Rocafuerte, Salcedo 050601, Ecuador",Tungurahua,-1.0444557,-78.5861402,4.2,,material de oficina
ChIJaxP9ly6K1JERdNU17rwn2cE,MUNICIPAL GAD Pujilí,"28V3+4MJ, Pujili, Ecuador",Tungurahua,-0.9571555,-78.6958513,4.2,,material de oficina
ChIJYcSaTUCC05ERryGChAXoENE,IPAC,"P989+254, Ambato, Ecuador",Tungurahua,-1.285,-78.6320475,4.0,,material de oficina
ChIJ3SNv8SOB05ERhyhGaJntDwk,"""ROYAL PRESTIGE AMBATO"" CATPOL CIA LTDA Distribuidor Autorizado","Av Atahualpa &, Ambato 180202, Ecuador",Tungurahua,-1.2588194,-78.6300677,5.0,https://www.facebook.com/profile.php?id=100066789307907&mibextid=ZbWKwL,material de oficina
ChIJzdVvKOR_1JERexNQvzCLybY,Escombrera Municipal Guagrahuico,"Cam. Real, Ecuador",Tungurahua,-1.1619991,-78.6076009,5.0,,material de oficina
ChIJHdNRgTFh1JERNtu1I3YJteM,"Ceipack - Impresión Digital De Etiquetas Adhesivas, Cajas Y Empaques Ecológicos","Av. Simón Rodríguez, Latacunga, Ecuador",Tungurahua,-0.9266791999999999,-78.6301867,5.0,https://ceipack.com/,material de oficina
ChIJE_th-aOD05ERf2qAcb3GTtQ,Water Gas System,"Luis Humberto Salgado entre, Luis Alberto Valencia, Ambato 180215, Ecuador",Tungurahua,-1.2868002,-78.6243373,,https://www.facebook.com/Water-Gas-System-524956297929633,material de oficina
ChIJXVd2jcl81JERcYaXX-gIbi8,Tía Salcedo,"García Moreno entre Sucre y, Vicente Maldonado, Salcedo 050601, Ecuador",Tungurahua,-1.042844,-78.59038300000002,4.1,https://www.tia.com.ec/,artículos escolares
ChIJEYDUN5uB05ERCHYbGAdCZuc,Piscis Sports,"593, Ambato 180105, Ecuador",Tungurahua,-1.2310573,-78.6220644,5.0,https://www.facebook.com/confeccionesdeportivaspiscis/,artículos escolares
ChIJ7WbnrpGB05ERMfTt2M0xlI4,MCJ Catalogo,"Ceiba y castaños, Ambato, Ecuador",Tungurahua,-1.2176767,-78.6171564,4.5,https://www.mcjcatalogo.com/,artículos escolares
ChIJ2en8hwaB05ERxvTZaybJ6FM,Plasticaucho Industrial S. A.,"Ambato 180104, Ecuador",Tungurahua,-1.1972265,-78.5959853,4.6,http://www.plasticaucho.com/,artículos escolares
ChIJJ-C-zq5h1JERJc9vjjGHEPE,MALU Distribuidora Textil,"C. 2 de Mayo 7680 y, Latacunga 050102, Ecuador",Tungurahua,-0.9318421999999998,-78.61750540000001,4.7,https://www.facebook.com/maludistribuidoratextil,artículos escolares
ChIJbV7CRT2o05ERZazUcAlAJJs,Farotex,"Monseñor Ulpiano Perez, Riobamba, Ecuador",Tungurahua,-1.6631386,-78.64470399999999,4.0,,artículos escolares
ChIJvxs4jx2B05ERbHXniyhCd6Q,Tarco Sport - Izamba,"Av. Pedro Vásconez, Ambato 180110, Ecuador",Tungurahua,-1.2262737,-78.5965722,4.2,https://mtr.bio/TarcoSportEc,artículos escolares
ChIJs5vXboGB05ERD9PhI6-pXkM,Algorithmics Ambato,"Av. Atahualpa, y, Ambato 180101, Ecuador",Tungurahua,-1.25897,-78.62946989999999,4.9,https://ambato.alg.academy/es,artículos escolares
ChIJD6AS7Vdf1JER_YKThBNhInY,Almacen Tiwintza Latacunga,"Unnamed Road, Saquisilí, Ecuador",Tungurahua,-0.8244701999999999,-78.6457415,4.7,https://www.facebook.com/tiwinzaguaytacama/?ref=bookmarks,artículos escolares
ChIJcbAls1KB05ERTwwVhedlj9w,Papiro Mat Material,"Frente al parque del Comerciante, Clemente Yerovi Esq, Ambato 180103, Ecuador",Tungurahua,-1.2634291,-78.625963,,,artículos escolares
ChIJ35EHhCyC05ERRkJSN0Kz--Y,"Mercado Mayorista Textil Asociacion ""Juan Montalvo""","P9JP+GF8, Av. El Cóndor, Ambato 180205, Ecuador",Tungurahua,-1.2687063,-78.61380299999999,4.1,,artículos escolares
ChIJ603aHUpj1JERjYk0NqobPAs,Mi Comisariato Salcedo,"XC85+5H9, Salcedo, Ecuador",Tungurahua,-1.0345898,-78.5910066,4.4,https://micomisariato.com/,artículos escolares
ChIJK4SHngaB05ER3f_prgcOID8,Calzado Ortopédico LIWI - Ambato Centro,"Sucre 2-22, Ambato 180103, Ecuador",Tungurahua,-1.2398963,-78.62631449999999,5.0,,artículos escolares
ChIJrdtMCVSc05ERu-eeGniN_8Q,"Unidad educativa "" 17 de Abril ""","J99V+977, Quero, Ecuador",Tungurahua,-1.3815939,-78.606831,4.6,,listas escolares
ChIJ28pa43eH05ERl467DVdnc80,Unidad Educativa Nueva Era -Quillan Loma Izamba,"Barrio Sagrado Corazón de Jesús, Cálle Cienfuegos, Ambato 180110, Ecuador",Tungurahua,-1.2203277,-78.560334,4.4,http://www.uenuevaera.edu.ec/,listas escolares
ChIJzzT_uL6B05ERBhIeLigDeyg,Centro Escolar Ecuador,"Av. Rumiñahui &, Ambato 180204, Ecuador",Tungurahua,-1.2558943,-78.6318206,4.3,,listas escolares
ChIJIxrQcx5h1JERr9kv4yVAuAQ,Colegio CEC (Centro Educativo Cotopaxi),"Calle, Isla Marchena, Ecuador",Tungurahua,-0.9266377,-78.5939799,4.3,http://uecec.edu.ec/,listas escolares
ChIJK5AbbB-o05EROlit9qHjDrY,Unidad Educativa José María Román Freile,"Brasil y Nueva York, Brasil 2011, Riobamba, Ecuador",Tungurahua,-1.6615778,-78.6530394,,https://uejosemariaroman.wixsite.com/inicio,listas escolares
ChIJq4CPG76B05ERWYE5LIBh214,Educational Unit Luis A. Martínez,"Latitud -1° 14' 40.3296"" Longitud -78° 37' 45.8184"", Quito 04-27, Ambato 180101, Ecuador",Tungurahua,-1.2444891,-78.6294118,,,listas escolares
ChIJLb9eTdmA05ERSvLpC_oCwEg,Educational Unit Athens,"Calle Gabriel Román s/n y, Izamba.Ambato, Av. Pedro Vásconez s/n, Ambato 180156, Ecuador",Tungurahua,-1.2201959,-78.58230689999999,4.4,https://atenas.edu.ec/,listas escolares
ChIJ36k0Oiyo05ERjkdOyxKi-to,Unidad Educativa Vigotsky,"Chile 18-25, Riobamba 060111, Ecuador",Tungurahua,-1.677457,-78.6492518,,https://www.uevigotsky.edu.ec/,listas escolares
ChIJGTR8v5EH05ERd6Ir6kJWU1A,Unidad Educativa Jefferson,"Riobamba, Ecuador",Tungurahua,-1.6686256,-78.6697203,4.7,https://www.facebook.com/unidadeducativa.jeffersonriobamba,listas escolares
ChIJHw8ITimo05ERMzCqdaSho10,STANFORD SUPERIOR INSTITUTE OF TECHNOLOGY,"Eugenio Espejo 17-19, Riobamba, Ecuador",Tungurahua,-1.6760128,-78.65158439999999,3.8,http://www.stanford.edu.ec/,texto escolar
ChIJ1_aMr6hh1JERQScruJCOSSc,Instituto Superior Tecnológico Vicente León,"Calle Belisario Quevedo y, C. Gral. Maldonado, Latacunga 050102, Ecuador",Tungurahua,-0.9342025999999999,-78.6162308,4.3,http://www.istvicenteleon.edu.ec/,libros de colegio
ChIJXWDSR7KD05ERfvCsqn7KGlc,AprendeVa | Capacitaciones,"Av. Jacome Clavijo, a 3 cuadras del, Mall de los Andes, y, Ambato 180204, Ecuador",Tungurahua,-1.262233,-78.63097429999999,5.0,https://aprendeva.com/cursos,libros de colegio
ChIJn6WbsyKo05ERwlovDSHNc1M,"Technological Institute ""San Gabriel""","593, Ecuador, Riobamba, Ecuador",Tungurahua,-1.678755,-78.64596999999999,3.7,http://www.sangabrielriobamba.edu.ec/,libros de colegio
ChIJO1O6fyGp05ERbrdywLn72Bs,"Unidad Educativa ""Amelia Gallegos Díaz""","88FX+CPF, Gaspar de Villarroel, Riobamba, Ecuador",Tungurahua,-1.6764257,-78.65070159999999,,http://ueameliagallegos.byethost4.com/wp/?i=1,libros de colegio
ChIJRXUdbX8H05ERRdzU6DVSo3U,"I2D INVESTIGACIÓN, INNOVACIÓN Y DESARROLLO","Duchicela, Riobamba, Ecuador",Tungurahua,-1.6676898,-78.6618898,,,libros de colegio
ChIJhRgWDSKo05ERHUibG3X54KI,Educational Unit Warring TAPI,"89P2+V25, Riobamba, Ecuador",Tungurahua,-1.6628669,-78.6498933,4.7,http://www.uecombatientesdetapi.edu.ec/,libros de colegio
ChIJMbir5q6D05ERc6IHyvTliyk,South American Language Center Ambato,"Víctor Hugo &, Ambato 180103, Ecuador",Tungurahua,-1.2681668,-78.6336714,4.9,http://inglesambato.com/,libros de colegio
ChIJ2Q6TUsIH05ERDFt-9Cal0Wo,Polytechnic School of Chimborazo,"Ent. 1 ESPOCH, Riobamba 060155, Ecuador",Tungurahua,-1.656735,-78.6782735,4.7,http://www.espoch.edu.ec/,libros de colegio
ChIJtWcy5laB05ERu_J3ofdQYuY,"Colegio de Artes "" La Merced "" Ambato","QCF2+H9F, Av. Pedro Vásconez, Ambato, Ecuador",Tungurahua,-1.2260539,-78.5990913,,,libros de colegio
ChIJnYsMQIeB05ERNZhWJv2v5x0,unidad educativa (PROVINCIA DE CHIMBORAZO),"Víctor Hugo &, Ambato 180205, Ecuador",Tungurahua,-1.262604,-78.61851539999999,,,libros de colegio
ChIJKy5RJu2B05ERMsP82L1nN8A,"Educational Unit ""Bolivar""","Av. Atahualpa, Ambato 180107, Ecuador",Tungurahua,-1.2512618,-78.63619229999999,,,libros de colegio
ChIJseFsOF2B05ERJQeYC0dQi3k,Editorial Queyám,"Perez De Anda 01-180 Y, Ambato 180103, Ecuador",Tungurahua,-1.2406834,-78.6314372,5.0,https://grupoqueyam.com/,editorial
ChIJsdj394wH05ERVN__G_F4tVc,"Editorial Pedagógica Freire, imprenta","Princesa Toa 45-53 y Av. de la Prensa a una cuadra del Terminal Terrestre, Riobamba 060104, Ecuador",Tungurahua,-1.6647601,-78.664686,4.8,https://editorialfreire.com/,editorial
ChIJfWWFwk9h1JERxYLEkzLlYqE,IMPRENTA MDC,"C. Rio Ambato 1-18 y, Latacunga 050104, Ecuador",Tungurahua,-0.9341849999999998,-78.62192259999999,4.0,,editorial
ChIJg7sHxLmp05ER0l3m-0DT7Ug,Editext Industria Grafica,"8996+H62, Av Leopoldo Freire, Riobamba, Ecuador",Tungurahua,-1.6811188,-78.6394789,5.0,http://editextgrafica.com/,editorial
ChIJf-SLcn-B05ER_oCaz_LZ2Ys,Imprenta - Editorial Pío XII,"Av. Humberto Albornoz y Puente Juan León Mera 180103, Ambato 180103, Ecuador",Tungurahua,-1.2345768,-78.627742,4.5,,editorial
ChIJUU32JfSB05ERB66V4Krg6Z8,Imprenta Morejon Agencia Sur,"P9Q6+J67, Ambato, Ecuador",Tungurahua,-1.2609575,-78.6394624,4.0,,editorial
ChIJuQjelKBh1JERLKSSk6zWvDQ,Imprenta Gráficas Nuevo Mundo,"395P+QV8, Latacunga, Ecuador",Tungurahua,-0.9405773,-78.612797,4.7,,editorial
ChIJ6-Y7cs0H05ERsUCYmCVbMwk,Imprenta & Gigantografías REFLEX en Licán,"Av.Pedro Vicente Maldonado y Hurones, Riobamba 060155, Ecuador",Tungurahua,-1.6541187,-78.699911,5.0,,editorial
ChIJcUrSO76B05ER32osYap1ym0,Molle Estudio de Diseño,"Guayaquil 03-14 y, Ambato 180101, Ecuador",Tungurahua,-1.2441829,-78.6304655,4.9,http://www.mollepublicidad.com/,editorial
ChIJfadZ0CGB05ERk9x74G5WgNo,The Beat House,"I.Ayora 2204, Ambato 180202, Ecuador",Tungurahua,-1.2599972,-78.62524479999999,5.0,https://www.facebook.com/pg/The-Beat-House-111672040564645/services/,editorial
ChIJ7U6Y3SWo05ERh2leLzpDTpI,Diario La Prensa,"88HX+PPR, Riobamba, Ecuador",Tungurahua,-1.6706487,-78.6507261,4.1,http://www.laprensa.com.ec/,editorial
ChIJyVlIhllh1JERVzAu5xI6imQ,DVM DIEGO VILLACIS MEDINA,"395P+XFJ, C. Quito, Latacunga, Ecuador",Tungurahua,-0.9400477,-78.6138552,5.0,,editorial
ChIJyXx-w7eE05ERN5IQ-tiR7us,Imprenta ACID la Mejor,"Av 22 de Julio, Pelileo, Ecuador",Tungurahua,-1.3310934,-78.5443122,5.0,,editorial
ChIJ26aRqWaB05ERISkcmJXhR-0,Editorial Ciencia Digital,"Ambato 180205, Ecuador",Tungurahua,-1.2543239,-78.62285399999999,5.0,http://www.cienciadigitaleditorial.com/,editorial
ChIJDbBakWVh1JERQINln0M_w3Q,Unigraf Latacunga,"Av. Atahualpa, Latacunga 050101, Ecuador",Tungurahua,-0.938467,-78.60623559999999,5.0,http://unigraf.ec/,editorial
ChIJPdZdOYh505ERrXMSW5JcT4A,PUBLICAT AGENCIA DE PUBLICIDAD,"M8X4+F74, Ambato 180213, Ecuador",Tungurahua,-1.3013083,-78.6942408,,,editorial
ChIJLc5qqOep05ERtdI7LVVogiM,Arte Digital,"Pichincha 2753, Riobamba, Ecuador",Tungurahua,-1.6675492,-78.64941739999999,,https://www.facebook.com/Arte-Digital-110339627818030/,editorial
ChIJQ9wK_MCB05ERM9m6FGT0ehs,ROV RECORDS,"Reina Claudia 01-178 y Guaytambos, Ambato 180101, Ecuador",Tungurahua,-1.2422869,-78.636723,4.0,http://www.rovrecords.com/,editorial
ChIJ9aWfmlCp05ER54KUVlFt144,Agencia Publicitaria - La Panadería Creativa - horneando ideas,"Av. La Prensa, Junto a la Cooperativa El Sagrario Frente a la Cooperativa de Transporte Chimborazo a pocos paso de Aneta, y, Riobamba 060102, Ecuador",Tungurahua,-1.6637162,-78.6644118,5.0,https://la-panaderia-creativa-horneando-ideas.webnode.ec/,editorial
ChIJQSh6AwCp05ERQ2KJRZbdrEI,LIBRERÍA EDINUN 2024,"Ayacucho 35, Riobamba, Ecuador",Tungurahua,-1.6637757,-78.6533922,5.0,,editorial
ChIJE04Gf34H05ERPNGnYIEM-xE,Editora Multicolor,"Av. Canónigo Ramos, y, Riobamba 060106, Ecuador",Tungurahua,-1.6548197,-78.6717397,4.5,,editorial
ChIJORcPVTWB05ER45ufoF0scC0,OFFSET,"Mariano Castillo, Ambato 180101, Ecuador",Tungurahua,-1.2442888,-78.62810879999999,5.0,https://www.aiyellow.com/imprentaoffsetambato/,editorial
ChIJdWYPIvqB05ER4qpwiAStfmg,NOVAPRINT,"180150, Ambato 180150, Ecuador",Tungurahua,-1.2543393,-78.63254040000001,,,editorial
ChIJywrfWL6B05ERDovgY88QXfU,La Hora,"Juan Montalvo 14-10 y, Cuenca 180101, Ecuador",Tungurahua,-1.2402955,-78.6304734,4.8,http://lahora.com.ec/tungurahua,editorial
ChIJ04d0sr6B05ER-8In64GSssE,Imprenta Morejón - Local Principal,"Rocafuerte 12-50 entre Mera y, José Ricardo Martínez, Ambato 180103, Ecuador",Tungurahua,-1.2402763,-78.6291766,4.3,,editorial
ChIJcZ7mCYyB05ERIO_PTHUKAu0,Cromía,"C. Vicente Rocafuerte &, Ambato, Ecuador",Tungurahua,-1.2368141,-78.625284,4.3,,editorial
ChIJE_mshWyB05ERPVnGs6JRsUQ,"Grupo Sampel Imprenta, Rotulación &Textiles","Av. Quiz Quiz 15-53 y, Ambato 180104, Ecuador",Tungurahua,-1.2515537,-78.6316112,5.0,https://gruposampel.com/,editorial
ChIJof2jcWmp05ER43WFlqI-E0M,Imprenta y Publicidad -TECNI GRAFIC'S,"Olmedo 2735, Riobamba, Ecuador",Tungurahua,-1.6719101,-78.6533323,2.0,,editorial
ChIJFYosQkR91JER3dj4E0BNJZI,Imprenta Gràficas La Luz,"EC050550, Salcedo 050554, Ecuador",Tungurahua,-1.0444649,-78.58880810000001,5.0,,editorial
ChIJb9nC1_Jh1JERPKxMqjidzns,Imprenta Andrade,"Avs. Trajano Naranjo s/n y 11 de Noviembre, (Frente al Estadio de La Laguna, 050102, Ecuador",Tungurahua,-0.9337392000000001,-78.60351949999999,5.0,http://www.imprentaandrade.com/,editorial
ChIJ7XUCCzGp05ERdjowedQDOE4,Grafitexnical,"89P2+VM6, Juan Montalvo, Riobamba, Ecuador",Tungurahua,-1.6628441,-78.6483465,5.0,,editorial
ChIJ1aZ7WTOB05ERmombPRSYUtM,Sonora Label,"180105, Ambato 180105, Ecuador",Tungurahua,-1.2386703,-78.6230519,,,editorial
ChIJIXcG41CD05ERDqcTlxAz47I,Editorial Unión Científica,"Ambato 180105, Ecuador",Tungurahua,-1.2802976,-78.6280257,,https://libros.editorialunioncientifica.com/index.php/EUC,editorial
ChIJ1c8mVyeo05ERhgHr02OpJtA,Imprenta Gutenberg,"Uruguay, Riobamba, Ecuador",Tungurahua,-1.6676399,-78.65661,4.5,,editorial
ChIJ8fG1etMH05ERE4GqnD2k7tQ,“ LEMACIENCIAS Revista Científica Multidisciplinar “,"José de Peralta y Marcos Alcocer, Riobamba 060106, Ecuador",Tungurahua,-1.6557069,-78.6788286,,https://www.revistalemaciencias.com/,editorial
ChIJTY6IVNCB05ERNfTLMq1xe5s,Molle Estudio de Diseño Producción,"https://goo.gl/maps/NEQafxSCk76GACdP9, Evangelista Torricelli, Ambato 180203, Ecuador",Tungurahua,-1.2586519,-78.59913,5.0,http://www.mollepublicidad.com/,editorial
ChIJnfb_zDKB05ERKzcn0zaJ_2I,Musart Records,"Víctor Hugo, Ambato 180203, Ecuador",Tungurahua,-1.2618228,-78.6165153,5.0,https://www.facebook.com/MusArt-Records-2106896759600033/,editorial
ChIJjzxpnlOF05ER6OP1tknwUlw,Cidetex,"Manuel de Quiroga y, Galo Pl. Lasso, Pelileo 180402, Ecuador",Tungurahua,-1.3283777,-78.54595270000002,5.0,https://www.instagram.com/cidetex.ec,editorial
ChIJxT1PvoGp05ERp5N-gkIZEPg,Lext Designer,"Cordova Veloz, y, Riobamba, Ecuador",Tungurahua,-1.6726872,-78.64768409999999,,,editorial
ChIJd8XnvLuB05ERnPtk-aQ-2q8,Imprenta Morejon - Sucursal Mayor,"Bolivar 12-16 Y Eloy Alfaro, Ambato 180109, Ecuador",Tungurahua,-1.2387693,-78.62644639999999,3.7,,editorial
ChIJW28-5QGB05ERfavVKKZpVDQ,Graficas Mallito,"C. Vicente Rocafuerte 12-19, Ambato 180109, Ecuador",Tungurahua,-1.2400389,-78.6287364,4.0,,editorial
ChIJXakucIGB05ERMzKeMyLspCc,La calabaza,"Morales y, Batalla de Pichincha, Ambato 180203, Ecuador",Tungurahua,-1.2604359,-78.6163538,1.0,http://www.lacalabazaec.com/,editorial
ChIJX021uFmp05ERuuzOclhPInM,Agencia El Comercio RIOBAMBA,"060103, Riobamba 060103, Ecuador",Tungurahua,-1.6680644,-78.6536443,,https://www.facebook.com/AgenciaElComercioRiobamba/,editorial
ChIJQ-8i06eB05ERsmdX_PnAjBc,Rapigraph,"Q95C+Q7G, Ambato 180101, Ecuador",Tungurahua,-1.2405628,-78.6292907,4.0,,editorial
ChIJL009cyyD05ERc-TBHUACr4Y,CC Plus Importación y Distribución S.A.S.,"180104, Ambato 180103, Ecuador",Tungurahua,-1.2878195,-78.63309029999999,5.0,http://www.ccplusimportaciones.com/,distribuidora de libros
ChIJVy3dRMSp05ERO8-oEaYxX2U,Almacenes Montero,"10 de Agosto N24-17 y, Riobamba, Ecuador",Tungurahua,-1.6723053,-78.6505765,3.2,http://www.montero.ec/,distribuidora de libros
ChIJSQUSMABf1JERW9tdtU-TRxc,CREATIVA 2,"5CJ4+7FC, Ecuador",Tungurahua,-0.8193064999999999,-78.5938473,5.0,,librería
ChIJXf6EfDWj1pER7Krk_gOKujI,LIBRERIA AMÉRICA,"35QR+GQ5, Archidona, Ecuador",Tungurahua,-0.9112333999999999,-77.8080172,5.0,,librería
ChIJyQsj9EtV1JERwiiL5aH9s10,Kiosquito mi Roussmery,Ecuador,Tungurahua,-0.6080806999999999,-78.6005619,4.5,,librería
ChIJFQ2ygs6D05ERM7jwocdzneE,Internet Melanie,"P9FV+HMG, Horacio Sevilla, Ambato 180103, Ecuador",Tungurahua,-1.2760635,-78.60579589999999,4.3,,librería
ChIJgyITWkh505ERUk8HvpKsyls,CYBER LINK,"P89J+PW9, Ambato 180212, Ecuador",Tungurahua,-1.2807142,-78.66764049999999,4.3,,librería
ChIJ1Y9ENPqB05ER7W-IA1aMYx8,BAZAR Y PAPELRIA NOAH,"PCW9+F23, 180203, Ecuador",Tungurahua,-1.2538684,-78.58245869999999,5.0,,librería
ChIJd3Eq-FuD05ER2ncln7uraZ8,Ediciones Nuevo Milenio,"Ambato 180103, Ecuador",Tungurahua,-1.2750101,-78.6232806,5.0,,librería
ChIJL8ziRMV_1JERmk3HWpzZXM8,Mundo del Estudiante,"Cunchibamba, AMBATO 180111, Ecuador",Tungurahua,-1.1360308,-78.58730229999999,4.0,,librería
ChIJqXNY0LqB05ERjSdV90IfyeU,Novedades Dany,"Montego 11, Ambato, Ecuador",Tungurahua,-1.2305265,-78.59681750000001,4.5,,librería
ChIJjxsc6lyp1ZERdiL4mb3jVr0,Librería Leeyenda,"Venezuela 38 y, Machachi 171111, Ecuador",Tungurahua,-0.504549,-78.5663444,,,librería
ChIJO-CRgGOB05ER3feMawb9azw,Numismatics Albums Ambato NsL,"QCM5+QCW, César Augusto Salazar, Ambato, Ecuador",Tungurahua,-1.2155015,-78.5914229,4.6,https://www.facebook.com/CarlosFazter?mibextid=LQQJ4d,librería
ChIJh3pibLCB05ERxkJA0pe0jUI,cyber y papeleria Camila,"180151, Ambato 180151, Ecuador",Tungurahua,-1.2316415,-78.6552791,,,librería
ChIJc2j1-S951JERBoSY59xidY8,CETVA,"1805, Píllaro, Ecuador",Tungurahua,-1.173033,-78.54259549999999,,,librería
ChIJ81Lozg9X0ZERny3GRCDs8mU,Comercial Anthony,"Llanganates y Cerro Cascabel, Santa Clara, Ecuador",Tungurahua,-1.2661434,-77.8896226,,,librería
ChIJ0eigwzmD05ERO9EGAkE-5NE,Papeleria P&Y,"Alobamba Centro, Calle DR Gonzalo Bonilla, Tisaleo, Ecuador",Tungurahua,-1.3349587,-78.6427558,,,librería
ChIJeWDjCgB91JERxg5o2SGFaGY,Papelería JOTA.M,"C. Belisario Quevedo &, Salcedo, Ecuador",Tungurahua,-1.0412108,-78.5848998,,,librería
ChIJUVseMraD05ERVCJD4nWQ6-Y,Su Confianza Bazar y Papeleria,"AV. LOS CHASQUIS Pasaje. Tiputini, P9JF+CGM Frente a la entrada de Autos de la Uta, Ambato 180207, Ecuador",Tungurahua,-1.268912,-78.62620799999999,,,librería
ChIJKaqntviF05ERVurwDxwP134,Su Libreria,"Padre Jorge Chacón, y, Pelileo 180402, Ecuador",Tungurahua,-1.3290674,-78.5427859,,,librería
ChIJKy69CjKB05ERWJ2WY-sl9uc,LA TRANCA 4,"Juan Benigno Vela &, Ambato 180109, Ecuador",Tungurahua,-1.2409145,-78.6249216,3.7,,librerias
ChIJbeOvLjGB05ERnx4Lp5TjLfc,Bazar y Librería Jerusalén,"Los Chásquis y, Jose Mires, Ambato 180101, Ecuador",Tungurahua,-1.2519656,-78.6225862,4.7,,librerias
ChIJ_WcCgfuB05ERQ-U04dVieUw,CYBER CENTERWORK,"Y ARIAS, Francisco Paredes Herrera, Ambato 180102, Ecuador",Tungurahua,-1.2795197,-78.62535969999999,,,librerias
ChIJw1X7F0OB05ER5ISiO6BvgLc,Librería y Cyber JD,"P9X9+R4R, Av. Los Shyris, Ambato 180202, Ecuador",Tungurahua,-1.2503999,-78.6322213,5.0,https://www.facebook.com/profile.php?id=100063935378316,librerias
ChIJwxzhgJWB05ERJBiiamSiE3g,Libreria San Antonio propietaria Rosita Galarza,"Q939+XHF, Ambato 180101, Ecuador",Tungurahua,-1.2450508,-78.6310815,4.0,,librerias
ChIJSb6P6JyB05ERMZnf9H9k_Zw,Malu Net,"593, Ambato 180104, Ecuador",Tungurahua,-1.2446886,-78.6066671,5.0,,librerias
ChIJ7X_HYfFh1JERhOn6AkgAk1Q,SuperPaco Latacunga,"Vía Panamericana E35 entre Av. Marco Aurelio Subia y Gatazo C.C. La Maltería Plaza, Latacunga 050108, Ecuador",Tungurahua,-0.9267175999999999,-78.62572949999999,4.8,http://www.superpaco.com/,librerias
ChIJT-AvfCiB05ER9t3PDmw0Ouo,Soluciones Bíblicas,"Mariano Castillo 6-42 entre Cevallos y Juan Benigno Vela junto a Notaría 7 Junto a Notaría 7, Ambato 180101, Ecuador",Tungurahua,-1.2438273,-78.6285317,5.0,https://www.facebook.com/Soluciones-B%C3%ADblicas-105932784417916,librerias
ChIJVcH3siyC05ERO0wFTvRwi7c,Libreria Sanchez,"P9JQ+8CW, Av Bolivariana, Ambato 180205, Ecuador",Tungurahua,-1.2691481,-78.6114146,5.0,,librerias
ChIJFZDSwE2p1ZERUbz0KiM7MCk,Papeleria Exodo,"FCWH+5R4, Machachi, Ecuador",Tungurahua,-0.5046205,-78.5704295,4.7,,librerias
ChIJKcZgdPmB05EReYcXspytVlk,Librería Atahualpa,"Q9JQ+3QW, Av. 22 de Enero, Ambato, Ecuador",Tungurahua,-1.2197708,-78.6105441,,,librerias
ChIJh-TwfEqk1pERVh19BAWKo0g,ILYPA IMPRENTA LIBRERIA Y PAPELERIA AMAZONAS,"12 de Febrero, Tena, Ecuador",Tungurahua,-0.9945699000000001,-77.81278999999999,4.0,,libreria
ChIJ9xG2vmN505ERjM2K4mHYYHg,Bazar librería y papelería L&C,"P88P+W4P, Neptali Sancho, Santa Rosa, Ecuador",Tungurahua,-1.28267,-78.6646774,5.0,,libreria
ChIJuSxz2R2B05ERY6pJpK4z6RY,LIBRERIA Y PAPELERIA SUPER LECRAYON,"Q94H+V3P, Av. El Rey, Ambato 180201, Ecuador",Tungurahua,-1.2427856,-78.6223057,,,libreria
ChIJwWvVYtil1pERLWhDMeeXZ3w,ALEGRAFIC,"Av. 15 de Noviembre &, Tena, Ecuador",Tungurahua,-0.9927444999999999,-77.8144276,5.0,,libros
ChIJpYRsCjak1pERmpVyuELf3f4,Cafe Tortuga,"Av. Francisco de Orellana, Tena 150150, Ecuador",Tungurahua,-0.9926016999999999,-77.8148227,4.6,http://www.tortulovers.com/,libros
ChIJVRbgprWl1pERXJC3Sn3rYig,Tía Tena,"Av.15 de noviembre, y, Tena 150101, Ecuador",Tungurahua,-0.9996269999999999,-77.81196299999999,4.2,https://www.tia.com.ec/,libros
ChIJxzEcV4WD05ER9alOsYFYCoA,Librería Mr.Books Mall de los Andes,"Avenida Atahualpa y Víctor Hugo, Ambato, Ambato 180207, Ecuador",Tungurahua,-1.2650512,-78.628363,4.6,http://www.mrbooks.com/,libros
ChIJfxKv-Y6D05ER6ttcIpnCAg4,Gráficas Escobar,"Julio Jaramillo Laurido, Ambato, Ecuador",Tungurahua,-1.2754877,-78.62263899999999,,https://www.facebook.com/Gr%C3%A1ficas-Escobar-1423879287856191,libros
ChIJH1eco6Bh1JER5jRqn9O49e0,South Akí Latacunga,"Av. Atahualpa, Latacunga 050150, Ecuador",Tungurahua,-0.9402128000000001,-78.61205009999999,4.3,http://www.aki.com.ec/,libros
ChIJuxpNdaGB05ERqebSulINBZg,Cosmopolita Café,"Av. Antonio Clavijo y Pasaje La Y, Ambato 180212, Ecuador",Tungurahua,-1.2686285,-78.64046309999999,4.9,https://www.facebook.com/Cosmopolita-Coffee-100904678413158,libros
ChIJAWim16xh1JERVgekKlejbc8,AKÍ Latacunga Norte,"Av Benjamin Terán, Latacunga 050150, Ecuador",Tungurahua,-0.9257435999999999,-78.6199249,4.4,http://www.aki.com.ec/,libros
ChIJJUwBF_2r1ZERRipByvyOh9c,AKI - Machachi,"Panamericana Sur, Machachi 170350, Ecuador",Tungurahua,-0.5170483,-78.5757734,4.4,http://www.aki.com.ec/,libros
ChIJXaVYP2-B05ERD6fzX2Zi_pk,IMPRENTA GALAXIA - Imprentas en Ambato,"Q93H+C6F, Ambato 180201, Ecuador",Tungurahua,-1.2464295,-78.62194939999999,5.0,http://www.aiyellow.com/imprentasambatogalaxia,libros
ChIJSwV3EFWp1ZERjb3U3Douc_U,COMERCIAL SAN REMO,"Av.Amazonas Machachi Ecuador, Machachi, Ecuador",Tungurahua,-0.5135516999999999,-78.56806,4.2,,papelería
ChIJL5i6TCer1ZERAG6z-ozB3Eo,Bazar y Papelería ISSAGRACHY,"FCMM+2JF, Machachi, Ecuador",Tungurahua,-0.5174367,-78.5659562,5.0,,papelería
ChIJfxMiB1yv1ZERIdxQ8PGuNYs,Machachi - Papelería CJ - Heladería,"Calle ""A vei A"" y Avenida Tesalia, diagonal a Sede Social de la Cooperativa de Vivienda Tesalia. Urbanización Porvenir, FCWR+4CM, Machachi, Ecuador",Tungurahua,-0.5046688,-78.5589619,5.0,http://www.encocao.com/papeleria-cj-machachi-distribucion-alimentos-congelados-encocao-machachi-canton-mejia-ecuador.php,papelería
ChIJBeVwfEOv1ZERLs43pzdwzFs,BAZAR Y PAPELERIA JORGE&JOSUE,"FCMQ+V9X, Machachi, Ecuador",Tungurahua,-0.5152647,-78.5615086,3.7,,papelería
ChIJ0ZagfRKt1ZER3h2403YPvYU,Soluciones Papeleria,"Avenida Nueva, Machachi 171110, Ecuador",Tungurahua,-0.5243092,-78.5550349,5.0,,papelería
ChIJNa-KipiB05ERbYtulchBemg,Papelería JBC,"Av.Bolivariana, y, Ambato 180205, Ecuador",Tungurahua,-1.2590626,-78.6140199,,,papelería
ChIJU8exgbGC05ERiEBxbLfpaKc,Cyber&Papelería Manuelito,"Tizaleo, Ecuador",Tungurahua,-1.3346634,-78.6429713,,,papelería
ChIJ4ardjEqr1ZERcNIrhStN4iA,Centro de Computo y papelería David,"FCJG+77F, Machachi, Ecuador",Tungurahua,-0.5193071,-78.5743227,5.0,,papelería
ChIJv-7xEAiB05ERWVPsqY3HaIk,"Supermarket ""Megamerci""","Via A Quillán, Ambato 180104, Ecuador",Tungurahua,-1.2362903,-78.61071679999999,4.4,,papelería
ChIJm2OvgSaC05ERCvcYzke-_xY,Umbrella Internet,"P9JF+JJW, Ambato 180207, Ecuador",Tungurahua,-1.2683925,-78.62590829999999,3.5,,papelería
ChIJE2pz6uCj1pER7NFh_nL0NTI,PAPELERÍA ARCHIDONA,"35RV+79M, Archidona 150103, Ecuador",Tungurahua,-0.9092807,-77.806564,5.0,,papelería
ChIJl0PcvDZ305ERKvZNS0uH2Ho,Multiservicios Tisaleo,"Tizaleo, Ecuador",Tungurahua,-1.3487627,-78.6688568,5.0,http://www.facebook.com/Multiservicios-FJR-338134440380286,papelería
ChIJayeCa-Sp1ZERC6AM4caWxlo,Comercial Flamingo,"Av. Amazonas 217 y, Machachi 171111, Ecuador",Tungurahua,-0.5137084,-78.5681063,5.0,,papelería
ChIJV7mWCJZ41JER57X8Y9k3_xQ,EL REGALITO,"RFG4+9XC, Pillaro 180802, Ecuador",Tungurahua,-1.1740609,-78.54259789999999,3.8,,papelería
ChIJISYkLomv1ZERThli5ueDKZ4,"Bazar y Papeleria ""Jhosue""","C. Simon Bolivar, Machachi, Ecuador",Tungurahua,-0.5118521,-78.56575769999999,,,papelería
ChIJR3ipglGp1ZERSfK4Htuc2is,"Comercial ""San Luis""","C. Manuel German N6-174 y, Machachi 171111, Ecuador",Tungurahua,-0.5084291,-78.5724438,4.2,https://distribuidorasanlu.wixsite.com/sanluis,papelería
ChIJje_FKm-D05ERE7Udcn5kuOQ,"Clip Office S.A.(Papelería, Asesoría Contable)","18080, Ambato 180204, Ecuador",Tungurahua,-1.2653959,-78.6027172,4.9,https://clipofficepro.weebly.com/,papelería
ChIJs4jlXVOl1pERtdoXHMOgAkM,Papelería Mil Novedades,"Tena 150101, Ecuador",Tungurahua,-0.9984395999999999,-77.8131803,,,papelería
ChIJORybjNqD05EROrUy6uSdrMs,Papelería Celi,"PCC7+R4P, Av. Galo Vela, Picaihua 180204, Ecuador",Tungurahua,-1.2777903,-78.5874283,,,papeleria
ChIJTcjceMGh1pER3d0YdFIPMp0,"PAPELERIA Y NOVEDADES ""A&E"" TAPUY","150158 atacapi, 150158, Ecuador",Tungurahua,-0.9553940999999999,-77.8597691,,,papeleria
ChIJUYiYDICD05ERyREJSsHzsoQ,Papeleria 4 Esquinas,"1 78.689195, Ambato 180101, Ecuador",Tungurahua,-1.2756476,-78.6370367,,,papeleria
ChIJwRfJXDqB05ERohe6NrK4374,Su Papelería Majito,"Q93V+JG4, Bogotá, Ambato 180104, Ecuador",Tungurahua,-1.2459942,-78.606184,,,papeleria
ChIJ6w8HAyal1pERWRREzcfYcYc,RAYALE,"García Moreno, y, Tena 150150, Ecuador",Tungurahua,-0.9896754999999999,-77.8152585,5.0,https://wa.link/tvynrb,utiles escolares
ChIJo7uHTIGl1pERy_lUfK4IVtY,DIPACOM,"Pullurco &, Tena, Ecuador",Tungurahua,-1.0010433,-77.8099599,,,suministros de oficina
ChIJD-IBSual1pERO0TVHsUiGaM,COPYCENTER,"X5XR+H2, Manuel M Rosales, Tena 150101, Ecuador",Tungurahua,-1.0010625,-77.80993749999999,,,suministros de oficina
ChIJDWjTOpNX1JERW5JqTwhzVPE,Papelería e Internet Danny´s,"San Juan de Pastocalle - Calle 24 de Mayo, Ecuador",Tungurahua,-0.7262008999999999,-78.6333306,4.8,,suministros de oficina
ChIJ5-ee_mCv1ZERs2xPYcbrjTA,TIC´Soluciones,"Ecuador, Prov. de Pichincha, Machachi calle Barriga O37 y, Av Cristóbal Colón, Machachi 171110, Ecuador",Tungurahua,-0.5144103,-78.5656846,,,suministros de oficina
ChIJJT5imCCC05ERTw9Ts75RTgA,Libreria & Papelera Variedades Salomé,"P9P9+CW6, Ambato 180103, Ecuador",Tungurahua,-1.2639587,-78.6302369,4.7,,artículos escolares
ChIJQZdWjHFh1JERrrtqxIf_TBE,EducArte Ecuador,"Latacunga, Ecuador",Tungurahua,-0.9314174000000001,-78.61613590000002,5.0,https://educarte.ec/,artículos escolares
ChIJoSb_E3qp1ZERMKpWeFICriU,Unidad Educativa Machachi,"Machachi 0.508757, -78.567849, Machachi, Ecuador",Tungurahua,-0.5084789,-78.5675069,4.4,https://www.facebook.com/elcolegio.machachi,listas escolares
ChIJ6-DoXEp91JERNMxGB8xqQk0,Unidad Educativa Blaise Pascal,"19 de Septiembre y Manuel Salgado, Salcedo 050106, Ecuador",Tungurahua,-1.0490117,-78.5938266,4.7,http://www.blaisepascal.edu.ec/,listas escolares
ChIJV1XlLqWB05ERl7F0RrzWKOQ,Unidad Educativa Teresa Flor,"Q97H+244, Ambato, Ecuador",Tungurahua,-1.2374811,-78.6221709,3.9,,listas escolares
ChIJW_L3CotY1JER3V_1gg5QX3E,UNIDAD EDUCATIVA MARCO AURELIO SUBIA - BATALLA DE PANUPALI,"Tanicuchi, Ecuador",Tungurahua,-0.7791001,-78.6369414,4.8,,listas escolares
ChIJe8Y9Bz-K1JERFVwD38ECTB0,"UNIDAD EDUCATIVA ""INÉS COBO DONOSO""","Pujili, Ecuador",Tungurahua,-0.9462138000000001,-78.6825344,4.4,,listas escolares
ChIJfe6tiyWk1pER0a1zGJ3NDxY,"Fiscomisional Educational Unit ""San José""","256C+R7V, Tena, Ecuador",Tungurahua,-0.9878857000000001,-77.8293262,,,listas escolares
ChIJSbe0Fkhj1JERpTxUFj5v4Xw,Unidad Educativa Gral. Eloy Alfaro,"Pan American Hwy, Salcedo, Ecuador",Tungurahua,-1.0247092,-78.58738919999999,,http://uegea.edu.ec/,listas escolares
ChIJMyb2PSGd05ERYJZR_bDGoFA,Unidad Educativa Madre Gertrudis,"J9WM+4VJ, Felipa Real, Cevallos, Ecuador",Tungurahua,-1.3546633,-78.6153732,4.0,,listas escolares
ChIJ2_bKVJaB05ERyJUnsv8_pPw,"Educational Unit ""González Suárez""","Ambato 180202, Ecuador",Tungurahua,-1.2470962,-78.6256867,,http://uepgs.edu.ec/,listas escolares
ChIJlR0QDhmC05ER_J_-0BHnFg0,Unidad Educativa Particular INDOAMERICA,"Manuelita Sáenz, Ambato 180212, Ecuador",Tungurahua,-1.2702287,-78.6382605,,https://uei.edu.ec/,listas escolares
ChIJvVMoueyB05ERyLaj6WQZNVU,Educational Unit Alarm Rodríguez,"P9X8+R7J, Ambato 180101, Ecuador",Tungurahua,-1.2504126,-78.63436039999999,,http://www.ueradoroteas.edu.ec/,listas escolares
ChIJfU0MwI6B05ERjKwL9O4EXhA,UNIDAD EDUCATIVA PESTALOZZI DE AMBATO,"Destacamento Tiwinza #95 y, Etza, Ambato 180110, Ecuador",Tungurahua,-1.2167664,-78.60844689999999,,https://www.facebook.com/pestalozziambato,listas escolares
ChIJw58iElGZ1pERVxLNwf84_r0,"UNIDAD EDUCATIVA FISCOMISIONAL ""JAIME ROLDOS AGUILERA""","5642+JMC, Cotundo, Ecuador",Tungurahua,-0.8434284,-77.7983502,,,libros de colegio
ChIJY6GkRpql1pERHj71lL1Hn6E,PUBLIMPAK,"Eloy Alfaro y, detrás del Hospital Velasco Ibarra, Gabriel Espinosa, Tena 150101, Ecuador",Tungurahua,-1.0039105,-77.8126915,5.0,https://publimpak.com/,editorial
ChIJmRiTtnpP1JERMpIqlPFxTMo,MAX ENTERTAINMENT,"Cotopaxi y Los Andes, Ecuador",Tungurahua,-0.6837540999999999,-78.4371901,,,editorial
ChIJ2-g5U2KF05ERUj5wSW5_Tzk,GALAXIA TV,"Abdón Calderón, Patate 180404, Ecuador",Tungurahua,-1.3124408,-78.5063103,,,editorial
ChIJ8YyOLKKB05ERuzspdYqiG1w,INTELGRAPH,"Madrid 03-25 y, Ambato 180101, Ecuador",Tungurahua,-1.2548048,-78.6340508,5.0,https://youtu.be/XVQxaQsOZh8,editorial
ChIJ4yBM_LV81JERYHzOMggFb6g,Imprenta Salcedo,"XC56+4M7, Ana Paredes, Salcedo 050601, Ecuador",Tungurahua,-1.0422209,-78.5883352,4.0,,editorial
ChIJPxWx2faD05ERZo9misEDFyM,Isra Solis Studio,"180101, Ambato, Ecuador",Tungurahua,-1.2830035,-78.6216652,,,editorial
ChIJA8SGmoJh1JERNnnpns3geOI,TODO IMPRENTA DIGITAL,"Calle Antonia Vela &, Calle Francisco Robles Esquina, Latacunga, Ecuador",Tungurahua,-0.9248379,-78.6223509,,,editorial
ChIJe9nLP-d91JERSdSjoQE-msc,IMPRENTA VELASTEGUI,"CALLE ANA PAREDES Y, XC36+PVP, Av. Olmedo, Salcedo, Ecuador",Tungurahua,-1.0456569,-78.587792,4.0,,editorial
ChIJV46ojrqB05ERm5qb02shoDM,ILUSIÓN PUNTO GRÁFICO IMPRENTA,"Vicente Rocafuerte y, Manuela Cañizares, Ambato, Ecuador",Tungurahua,-1.2366393,-78.62481629999999,5.0,https://www.facebook.com/imprentailusion/,editorial
ChIJo2hrtQqB05ERvqPUSiBJVFc,Lakeditors,"Alonso Torres y, Calle Charles Darwin, Ambato, Ecuador",Tungurahua,-1.2075099,-78.5891485,,http://www.lakeditors.com/,editorial
ChIJM-mjyfiB05ERHbqeBcQTBCY,Imprenta San Juan,"Padre Bruning y Charles Darwin, Ecuador",Tungurahua,-1.2062943,-78.58781359999999,,,editorial
ChIJ47Q-wZuD05ERsUa0Mf9xQ04,Resoluciones Graficas,"PCHC+33X, Ambato 180204, Ecuador",Tungurahua,-1.2722716,-78.5797741,5.0,,editorial
ChIJUQLwk8eE05ER7jkmZhM8NZ8,MATYS GRAF,"Calicuchima, Pelileo, Ecuador",Tungurahua,-1.3278491,-78.5428747,3.5,https://www.facebook.com/MatysGrafPelileo,editorial
ChIJ5QWIVRqp1ZER6LJHcqD1jfk,IMPRENTA SAN ANDRES MACHACHI,"170350, Machachi 170350, Ecuador",Tungurahua,-0.5096362,-78.5667969,,,editorial
ChIJ599wGkOr05ERXQcGhAgVtoU,"Librería""PLANETA ESCOLAR""","Riobamba, Chambo, Ecuador",Tungurahua,-1.7249746,-78.5978324,5.0,,librería
ChIJt0GZY9Op05ER81r93vR7nPs,"Librería Papelería y Bazar ""San Pablo""","Av. Juan Félix Proaño, Riobamba 060117, Ecuador",Tungurahua,-1.6885298,-78.64363589999999,5.0,https://www.facebook.com/sanpablolibreriariobamba,librería
ChIJc1_TU2ap05ERnka1KjVygeA,Librería Ideal,"79WF+R7W Cooperativa Nuevos Horizontes, Riobamba, Ecuador",Tungurahua,-1.7028873,-78.6267847,4.7,,librería
ChIJBQ6ENiEV05ER4tpRpw9ev_I,Librería OMEGA,"FX2V+GPV, Guaranda, Ecuador",Tungurahua,-1.5486258,-79.00569159999999,2.8,,librería
ChIJDf6cYsqp05ERfypAZTl2Rp8,Libreria Lorena,"10 de agosto, Guamote 060401, Ecuador",Tungurahua,-1.9354311,-78.7103712,4.0,https://librerialorena.com/,librería
ChIJOZFBmUoX05ER3ozqBcVchDE,Librería y Papeleria Jennifer,"Sucre, y, Guaranda, Ecuador",Tungurahua,-1.5946805,-79.00131329999999,,,librería
ChIJQc6Tt2MX05EREEpTjMiH_ms,Librería OMEGA,"C. Manuela Cañizares, Guaranda, Ecuador",Tungurahua,-1.5897211,-78.99986299999999,2.3,,librería
ChIJN5u9uxAX05ER_iCgpybhmCY,Librería González,"Manuela Canizares, Guaranda 020103, Ecuador",Tungurahua,-1.5899942,-79.0006868,4.6,,librería
ChIJVZ7WHnUX05EREMJaO9u1LVc,Librería García Hermanos,"C. Manuela Cañizares, Guaranda 020105, Ecuador",Tungurahua,-1.5901169,-79.00060479999999,5.0,https://www.facebook.com/profile.php?id=100063537732576&mibextid=LQQJ4d,librería
ChIJB7QuvZ6p05ERRjd2cNK66Ic,Alpha librerias,"Gustavo Aragdovay, Alpha librerias, Av. Juan Felix Proaño, y, Riobamba 060111, Ecuador",Tungurahua,-1.688856,-78.64367639999999,,,librerias
ChIJ3_oxy3EX05ERxb8Ph9ZTsL4,Libreria y Papelería Central,"Calle Manuela Cañizares, y, Guaranda, Ecuador",Tungurahua,-1.5900412,-79.0006027,,,librerias
ChIJ_zA6FTwH05ERivtU490GQq8,"LIBRERIA-PAPELERIA E INTERNET ""AMAZONAS""","886F+P2Q, Av. Cristobal Colon, Riobamba, Ecuador",Tungurahua,-1.68816,-78.67737989999999,4.3,,libreria
ChIJpeZLQvr50pERbUFhlLhas6M,Distribuidira y Libreria Michelle Guamote,"378Q+RMM, Guamote, Ecuador",Tungurahua,-1.9329159,-78.7108384,5.0,,libreria
ChIJOcOMTQCr05ERSMusCDAFVTE,LIBRERIA,"7985+V3R, Ecuador",Tungurahua,-1.7327563,-78.6423683,5.0,,libreria
ChIJTd6ImriB05ERm01_zUrxTSE,Student's House Bookshop,"Av. los Guaytambos, Ambato 180101, Ecuador",Tungurahua,-1.2385952,-78.633545,4.0,http://www.shb.com.ec/,libros
ChIJRXdj1COR05ERekmKrcs_BeI,Honey Coffee & Tea,"C/Ambato, y, Baños de Agua Santa 180250, Ecuador",Tungurahua,-1.3977279,-78.4237413,4.5,,libros
ChIJ-RV0zt2p05ERJ-opCS88C1E,Líderes Salle Riobamba libros,"Eugenio Espejo 2959, Riobamba, Ecuador",Tungurahua,-1.6688211,-78.64564229999999,,,libros
ChIJM0db7tWp05ERQRBE2LGMcYM,Educational unit Pensionado Olivo,"1°41'07. 78°39'21., 8, Riobamba, Ecuador",Tungurahua,-1.6853295,-78.6561871,4.2,,material educativo
ChIJA0BwR3bd0pEREa-KTObIbXM,SERVIENTREGA PAPELERIA LA VECI,"Diez de Agosto, Chillanes 020250, Ecuador",Tungurahua,-1.9425045,-79.0687643,5.0,,papelería
ChIJ5aeEiKCp05ER-natdzQ-BJs,La Inmaculada Stationery,"79WH+MFV, Riobamba, Ecuador",Tungurahua,-1.7032553,-78.62132439999999,5.0,,papelería
ChIJpS_zH-NX05ER_qKWzsy0pSs,PLANETA ESCOLAR,"020109, San Luis de Pambil, Ecuador",Tungurahua,-1.233628,-79.2407312,5.0,,papelería
ChIJ__7cAZox05ERQPmQfJqllhs,PAPELERIA DANIELITO,"Via A Guaranda, Caluma, Ecuador",Tungurahua,-1.6294117,-79.2538861,5.0,https://www.facebook.com/Papeler%C3%ADa-Danielito-798502313866363/,papelería
ChIJf0UGIpQD05ER7KtGnTfAg4Q,SHADDAI Papelería & Internet,"66RV+CJQ, Carr. Panamericana, Azogues, Ecuador",Tungurahua,-1.758918,-78.755901,5.0,,papelería
ChIJz-QHFUnd0pERliYw3E8sBJ0,"Bazar Papelería ""Divino Niño""","020250, Chillanes, Ecuador",Tungurahua,-1.9440258,-79.0651944,5.0,,papelería
ChIJ83YFh60X05ERVff8ZT_ZZzU,Papelería Iris,"Vinchoa Central, Guaranda, Ecuador",Tungurahua,-1.6020961,-78.9891378,5.0,,papelería
ChIJQds9EL8H05ERsbJF6OZQQ8g,zGamer&Papelería,"José de Peralta &, Riobamba 060150, Ecuador",Tungurahua,-1.6579709,-78.6820882,5.0,http://n9.cl/tipstersport,papelería
ChIJGXPugr8X05ERf19hWzfnIx4,Cyber Tina,"Agusto Cesar Saltos, y, Guaranda 020101, Ecuador",Tungurahua,-1.5806887,-79.00375319999999,5.0,,papelería
ChIJXbb67vkp05ERb-C5A0qpC_k,Tía Montalvo,"Av. Antonio de la Bastida entre Av. Babahoyo y Av. Guillermo Baquerizo, Montalvo 120112, Ecuador",Tungurahua,-1.790999,-79.28534800000001,4.3,https://www.tia.com.ec/,útiles escolares
ChIJfUGDsUQX05ERL1uH9lsqAOg,Bazar Jugueteria Papeleria San Pedro Xpress,"CX4X+9P7, Convención de 1884, Guaranda, Ecuador",Tungurahua,-1.5940996,-79.0006901,4.4,,utiles escolares
ChIJRd1Lf1Ij05ERq46wWqAJanM,ZONA WIFI A.P.CH.,"7XV2+QXQ, San Miguel, Ecuador",Tungurahua,-1.7055283,-79.0475225,,,suministros de oficina
ChIJw2b97fkp05ERPdYMhrEBaEE,Isanett C.A,"295, Montalvo, Ecuador",Tungurahua,-1.7913178,-79.2852844,4.0,http://www.isanett.com/,suministros de oficina
ChIJxVqeYuKB05ERqXO9I5p5qUE,Electro Norte Ambato,"QCH4+P54, Indoamérica, Ambato, Ecuador",Tungurahua,-1.2207331,-78.594551,5.0,,material de oficina
ChIJj6KFSIWD05ERpDzbcN_zsrQ,"Consultora Ing Ambato/ Asesoría, Servicios y Capacitaciones Ambientales e Industrial","Miguel de Cervantes, Ambato 180103, Ecuador",Tungurahua,-1.2752378,-78.6378972,,https://www.facebook.com/ingamb2019/,material de oficina
ChIJrWKepPsX05ERWJvspWLyRXo,Yapacunchi,"221021, Guaranda 221021, Ecuador",Tungurahua,-1.5935708,-79.000171,5.0,http://www.facebook.com/yapacunchi,artículos escolares
ChIJweAVfbWp05ERo4Xl3NSQCu4,Unidad Educativa El Despertar,"9934+VMR, Riobamba, Ecuador",Tungurahua,-1.6452656,-78.64335969999999,4.1,,listas escolares
ChIJ72-u64AH05ERiQzlYBQiQ1s,Colegio Exp. Capitan Edmundo Chiriboga,"88FR+2PM, Av. 9 de Octubre, Riobamba, Ecuador",Tungurahua,-1.6775352,-78.6586231,4.6,,listas escolares
ChIJk1W0MiOo05ERfX7rYFTIqgM,Unidad Educativa Miguel Ángel León Pontón,"89M3+VQ3, Riobamba, Ecuador",Tungurahua,-1.665364,-78.6455859,4.3,,listas escolares
ChIJYWdLejCq05ERm4RlNqFiWpA,"Unidad Educativa ""Andes College""","Vía a Licto Km 5 1\2 Sector San Pedro de Tunshi, Licto 060156, Ecuador",Tungurahua,-1.7305681,-78.62264019999999,4.3,,listas escolares
ChIJrYd5EooH05EROQpSDCFf2qI,Educational Unit Our World Eco Rio,"y, Riobamba, Ecuador",Tungurahua,-1.6751445,-78.62900119999999,4.3,http://www.nuestromundo.ec/,listas escolares
ChIJs023wT8W05EREMoEPHgquyE,Unidad Educativa Verbo Divino,"Av. Candido Rada y Av. General Enrique y, C262+9PG, Vía Flores, Guaranda 020101, Ecuador",Tungurahua,-1.5890676,-78.99818359999999,4.1,http://verbodivino.edu.ec,listas escolares
ChIJi6nN7b4X05ERMqKUobujpUE,Unidad Educativa Roberto Alfredo Arregui Chauvin,"CX9W+42H, Jaime Arregui, Guaranda, Ecuador",Tungurahua,-1.5821787,-79.0048829,4.3,,listas escolares
ChIJ3XCrqUuo05ERhqhPAoY1qfw,"KAPITEX – Fabricantes, Medias, Calcetines, Distribuidores, Riobamba, Ecuador.","Parque Industrial, Jerusalen 2 y, Riobamba, Ecuador",Tungurahua,-1.6788156,-78.63081179999999,4.6,http://www.kapitex.com.ec/,listas escolares
ChIJwcaFzxKp05ERojvn-Zz8n4s,Milton Reyes Educational Unit,"79V5+6R2 Panamericana, Riobamba, Ecuador",Tungurahua,-1.7069857,-78.6404962,2.3,,listas escolares
ChIJmfShXQgW05ERg3VrjZlL4Rw,Bolívar State University,"Guanujo, Ecuador",Tungurahua,-1.5711162,-79.0072775,4.5,https://ueb.edu.ec/,libros de colegio
ChIJbf_Bfsn50pER8Pqd_dINysQ,Yaguachi'S PRO SONDO,"Gonzalez Suarez, Guamote, Ecuador",Tungurahua,-1.9329946,-78.70829429999999,5.0,,editorial
ChIJ_ZhrKjwW05ERhInWeh6lC3A,Imprenta Gutemberg,"CX5X+P28, C. Sucre, Guaranda, Ecuador",Tungurahua,-1.5907097,-79.0024115,4.7,,editorial
ChIJbZgKaDur05ERxdWrIsNgZAA,Los audio corp,"Riobamba, Licto, Ecuador",Tungurahua,-1.763457,-78.64473790000001,5.0,,editorial
ChIJiUfYP1Ix05ERFDk1Y8eU3m0,Librotex Editorial,"Kilómetro 1 2, Caluma, Ecuador",Tungurahua,-1.6298675,-79.2819585,,,editorial
ChIJ_8GVbCUX05ERBKN7I3lnnGY,Adsmedia Publicidad,"Elisa Mariño de, Morayma Ofir Carvajal, Guaranda, Ecuador",Tungurahua,-1.5892385,-78.99611360000002,,,editorial
ChIJw37DKHMH05ERvsNtPPY3Nws,Impresiones Universal,"Pichincha y Calle D Riobamba - Yaruquíes, Riobamba 060105, Ecuador",Tungurahua,-1.6883728,-78.6789713,3.5,https://impreuniversal.pro/,editorial
ChIJSYvAnCao05ERzstNItG1w_A,Edigrafic,"Rocafuerte entre celoz, 88JX+FC2, y, Riobamba 060101, Ecuador",Tungurahua,-1.668869,-78.65148289999999,4.0,,editorial
ChIJWRXEZDkW05ERTTsBig7srjA,AKÍ Guaranda,"C. Pichincha, Guaranda 020150, Ecuador",Tungurahua,-1.5953769,-79.0021376,4.3,http://www.aki.com.ec/,distribuidora de libros
ChIJq9GVY6gP0pERKnP8HHgv_oU,PAPELERÍA ARISOLJA,"Dionicio Velín &, Macas, Ecuador",Morona Santiago,-2.3231934,-78.1342671,5.0,,librería
ChIJ4UAqzuoP0pERXa5uyBJoljA,Librería Cristiana: Globlal BookStore,"140101, Macas 140101, Ecuador",Morona Santiago,-2.310049,-78.1201995,5.0,https://www.instagram.com/bookstoreglobal/,librería
ChIJM7oFqmAP0pERk5MB_kcb1Qk,Café Librería El Farol,"s/n y 24 de Mayo, Pje. Gral. Proaño, Macas, Ecuador",Morona Santiago,-2.3059305,-78.11819229999999,4.8,,librería
ChIJk36kQQAP0pERNFYnHcp3iH4,LIBRERIA VICARIAL LUZ Y VIDA,"MVVM+GV6, Macas, Ecuador",Morona Santiago,-2.3060733,-78.1154882,,https://www.facebook.com/VicariatoApostolicodeMendez/?locale=es_LA,librería
ChIJKT1JcPIP0pERdpC80UJjAs0,Librería y Papelería Cristiana El Arca,"Guamote, y, Macas 140101, Ecuador",Morona Santiago,-2.3054941,-78.12116189999999,,,librería
ChIJc7zbbLr3zZERjXGpXRBGfdg,Bazar y Papelería Papi Jea,"GVGF+QQ, Sucua, Ecuador",Morona Santiago,-2.4731167,-78.1256233,,,librería
ChIJkbXB_033zZERXO0wYqyWl_4,Bazar y Papelería Carlitos,"Domingo Comín &, Sucúa, Ecuador",Morona Santiago,-2.4549185,-78.1723155,,,librería
ChIJRzZ7W8TrzZERqRYB-_TA15o,"BAZAR Y PAPELERÍA ""DAMARYS""","8Q26+FHP, Tayuza, Ecuador",Morona Santiago,-2.6989398,-78.2387701,,,librería
ChIJG1sbfAAF0pER-uO8I4I_JEQ,LICORERÍA LA JODA,"MVJW+WFV, Domingo Comín, Macas, Ecuador",Morona Santiago,-2.3176392,-78.1038243,,,librería
ChIJ2w4JWwDBzZERJdZIjPvdal8,Comunidad sunkants,"6QQR+MJ, Patuca, Ecuador",Morona Santiago,-2.7607886,-78.2084768,,,librería
ChIJf0ENkkoP0pERIzBMlOOb5K4,LIBRERÍA 3021,"C. Soasti &, Macas, Ecuador",Morona Santiago,-2.3054091,-78.1192282,,,librería
ChIJ1yqOeR0P0pEREASbPyMG_5w,ROMANTIKOS PRINT & COPIES,"140101, Macas 140101, Ecuador",Morona Santiago,-2.3042311,-78.12025750000001,,https://romantikos-print-copies.negocio.site/?utm_source=gmb&utm_medium=referral,librería
ChIJVfZySmQP0pERCrxiFsyk2kM,ABC PAPELERIA,"C. Soasti &, Macas, Ecuador",Morona Santiago,-2.3051068,-78.1191592,5.0,http://www.amarillasinternet.com/abcbazarypapeleria/,librerias
ChIJA7GWTGQP0pER7NDJCU1S2NQ,CENTRO COMERCIAL FANTASIAS / Papelerias - Librerias - Bazar en Macas,"C. Soasti &, Macas, Ecuador",Morona Santiago,-2.3046997,-78.11946619999999,4.4,https://www.facebook.com/CCfantasia,librerias
ChIJNcO4uGAP0pERAoModcSGYPc,BOOKAFE - Cafeteria y Libreria Cristiana en Macas,"Juan de la Cruz &, Macas, Ecuador",Morona Santiago,-2.3099097,-78.1155447,4.3,http://www.amarillasinternet.com/bookafemacas/,libreria
ChIJlayybgL3zZER_AvKmX2Q5nw,BIBLIOTECA - CASA JUVENTUD,"GRXG+6R3, Sucua, Ecuador",Morona Santiago,-2.4519989,-78.1729675,4.0,http://www.sucua.gob.ec/,libros
ChIJcWV0dRYP0pERjoHbFFYoQfk,Sur Editorial,"Sucre &, Macas, Ecuador",Morona Santiago,-2.3039255,-78.1188646,,,libros
ChIJJylUssn3zZERPmuzAMIL_mk,Papelería Jimbey,"Carlos Olson &, Sucúa, Ecuador",Morona Santiago,-2.4558574,-78.17084129999999,5.0,,papelería
ChIJZQJId2GVzZERXd1SSbqIPhU,Papelitos,"7MJH+VM7, Santiago de Méndez, Ecuador",Morona Santiago,-2.7178483,-78.32083279999999,4.8,,papelería
ChIJt0CYI1nAzZERvsuvR1d5seg,Papelería-Bazar CADI,"Calle Quito, Méndez 140602, Ecuador",Morona Santiago,-2.7156126,-78.32360969999999,4.6,https://www.facebook.com/mendeztvec,papelería
ChIJz2htQF4P0pERxFZ60mFedTo,Bazar y Papeleria Danielita,"MVVJ+MJ4, Pje. Gral. Proaño, Macas, Ecuador",Morona Santiago,-2.3058574,-78.1184313,5.0,https://www.facebook.com/Bazar-y-Papeler%C3%ADa-Danielita-102503052566637,papelería
ChIJpUMgz6AP0pERuAEFKwkz5n0,Papelería Central,"EC140150, Macas 140101, Ecuador",Morona Santiago,-2.3061412,-78.1191965,,,papelería
ChIJEZd35s0P0pERvX3mB5KSgSs,KRISBA Papelería,"10 de Agosto y, Guamote, Macas, Ecuador",Morona Santiago,-2.312939,-78.11867219999999,3.3,https://www.facebook.com/KRISBApapeleriaMS/,papelería
ChIJme-P3VWVzZERCzxeuqd1LhI,Papelería y Novedades El Chinito,"7MHJ+XQ3, Av. Francisco de Orellana, Mendez 140601, Ecuador",Morona Santiago,-2.7201139,-78.3180923,,,papelería
ChIJRc6AmeAF0pERe9n2AsI6HLk,Papeleria JHARE,"frente al parque central, Macas 140103, Ecuador",Morona Santiago,-2.3155806,-78.1030785,,,papelería
ChIJFwWhNADBzZERthSv9XpXde8,Papelería- La Profe Marta,"Santiago de Méndez 140553, Ecuador",Morona Santiago,-2.7569134,-78.2628731,,,papelería
ChIJ0xX1gO_2zZERrLAZjaWIMMQ,Bazar y Papeleria JAIME,"GRRJ+CRV, Sucua, Ecuador",Morona Santiago,-2.4588949,-78.16793919999999,4.0,,papelería
ChIJRZWIGO4F0pERr2ulb-gfSBE,Papelería La Churonita,"Macas, Ecuador",Morona Santiago,-2.3145725,-78.1031687,,,papelería
ChIJbzL_JygP0pERuOzlPn16jaY,Bazar & Papelería Don Bosco,"Av. 24 de mayo y Sucre Frente al Distrito de Educación, frente al, Colegio, Eloy Alfaro, Macas 140150, Ecuador",Morona Santiago,-2.3070485,-78.12492689999999,,,papelería
ChIJVw23qPIJ0pERrFABa4xvC_s,Bazar & Papeleria SandyTo,"comunidad sagrado corazon, 140103, Macas, Ecuador",Morona Santiago,-2.3919067,-78.1325863,,,papelería
ChIJ47QbBscP0pER-OMYoxhk1Es,"Bazar y Papeleria D""Antho","24 de Mayo, y, Macas 140150, Ecuador",Morona Santiago,-2.3092038,-78.1182785,,https://wa.me/message/5FOXUDESUZHAH1,papelería
ChIJu28QQgDrzZERd2iqXsNAFIM,Bazar y Papelería Evelyn,"Ecuador 45, Ecuador",Morona Santiago,-2.7003607,-78.2385762,,,papelería
ChIJNXUVPwAF0pERLaJPHDVpg1w,Papelería El Suco,"MVMW+JCX, Macas, Ecuador",Morona Santiago,-2.3158953,-78.1038899,,,papelería
ChIJMZ-Up8-VzZER4dYYSO8fqAk,Bazar y Novedades Pepito,"Calle Cuenca, y, Méndez 140601, Ecuador",Morona Santiago,-2.7140642,-78.3231552,,,papelería
ChIJDUsSu2UP0pER126h2vNdy_U,Emporio Comercial,"Domingo Comín, Macas, Ecuador",Morona Santiago,-2.3044414,-78.1202141,4.0,,papelería
ChIJ8_bS8w8P0pER0GVY6hGBXe0,Bazar y Novedades Steven,"Domingo Comin entre Soasti, MVWJ+3P4, y, Macas 140101, Ecuador",Morona Santiago,-2.304866,-78.1181859,,,papelería
ChIJHeod-NQP0pERHlf-AP1rYvQ,Papelería Revo,"Padre Domingo Barruecos, y, Macas 140101, Ecuador",Morona Santiago,-2.3236511,-78.1305173,,,papelería
ChIJ_3a5CMUP0pERBYoZuL7hxvs,aguila express,"24 de Mayo &, Macas, Ecuador",Morona Santiago,-2.3023925,-78.1174443,,,papelería
ChIJ7eMdVBbBzZERiJrqT7j5Hak,CYBER PAPELERIA BAYITO,"539, Patuca 140602, Ecuador",Morona Santiago,-2.7568799,-78.2611081,,,papeleria
ChIJLSC0nGGVzZERFRssSuFOa94,Bazar y papeleria franlex,"7MMG+PG9, Santiago de Méndez, Ecuador",Morona Santiago,-2.7157141,-78.3236462,4.0,,papeleria
ChIJb7ItPkYP0pERPSISVxQ_LhM,PAPELERIA LOKURAS NET,"593, Macas, Ecuador",Morona Santiago,-2.3031136,-78.1185315,5.0,,papeleria
ChIJXZrG_rcP0pERC_rwlZmr7VQ,Bazar y Papeleria La Web de Daniel,"PV4M+J4F, Pedro Carvajal, Macas, Ecuador",Morona Santiago,-2.2934258,-78.11720439999999,,,papeleria
ChIJRw3HeWQP0pERXCupDhvHwRg,Unidad Educativa Fiscomisional María Auxiliadora - Macas,"Macas, Ecuador",Morona Santiago,-2.3043807,-78.1167557,4.6,https://uefma.edu.ec/,listas escolares
ChIJExcLzO_2zZER10iEMCoZ6dg,COLEGIO RIO UPANO,"GRRH+XRP, Sucua, Ecuador",Morona Santiago,-2.4575282,-78.17041739999999,4.3,,libros de colegio
ChIJ8TQbdrrxzZER491t0PJbkWk,La Coneja,"FRCP+3GM, Macas, Sucúa 140101, Ecuador",Morona Santiago,-2.5297888,-78.1637148,,,editorial
ChIJj_FWguQP0pER7T-X08eKe8I,A&C Impresores Offset,"10 de Agosto, Macas 140101, Ecuador",Morona Santiago,-2.3056381,-78.1180199,5.0,,editorial
ChIJRd_APFQP0pERr4pLazBn5QM,Imprenta Navira,"Bolivar, y, Macas 140150, Ecuador",Morona Santiago,-2.3041954,-78.1184908,,https://www.facebook.com/ImprentaNavira/?locale=es_LA,editorial
ChIJP22z2RzX05ERK95qvOHAKeY,El Riñón de CHILY WILLY,"72VP+J2, Palora, Ecuador",Morona Santiago,-1.7058619,-77.96495039999999,,,librería
ChIJkbb7fQDX05ER1gTKCG4Ow3I,Sunita dreem home,"72XJ+HP9, Palora, Ecuador",Morona Santiago,-1.7010952,-77.9681544,,,librería
ChIJvxq5FJTX05ERBuAIBEn08i4,Librería 4 B,"822J+QR2, Palora, Ecuador",Morona Santiago,-1.6981159,-77.9679906,,,librería
ChIJlygEr9HX05ER4KcvvWKro0A,libreria Betel,"72XM+6G6, Unnamed Road, Palora, Ecuador",Morona Santiago,-1.7019553,-77.9662338,4.5,,libreria
ChIJ_TPQgXAn0pERnJca7q6fnXU,BAZAR Y PAPELERÍA EITHAN,"Huamboya 140203, Ecuador",Morona Santiago,-1.946055,-77.9904902,5.0,https://www.facebook.com/Bazar-y-Papeler%C3%ADa-Eithan-221702725451406/,papelería
ChIJ19fEMrHf0ZERyBiW1VrwTZ8,PuntoBB Red Activa WU Cyber Y Papelería Taisha Net Taisha,"Yaa S/N Shakaim, Frente Al Al Mercado Municipal, Taisha, Ecuador",Morona Santiago,-2.383432,-77.506851,,https://www.bolivariano.com/,papelería
ChIJk-DMzlkn0pERkqxwuTd2UEY,BAZAR Y PAPELERIA PATIÑO,"10 de Agosto y Agusto Abad, Huamboya 140750, Ecuador",Morona Santiago,-1.945862,-77.98956749999999,5.0,,papeleria
ChIJhS4rHGUP0pEROTWwyFeDtQQ,Super Bordados Macas,"Cuenca, Macas 140101, Ecuador",Morona Santiago,-2.3021155,-78.11837299999999,5.0,,editorial
ChIJKYt7cAALzZERyc7C_H2Ku-U,MS Papelería,"685H+PRC, El Pan, Ecuador",Morona Santiago,-2.7899208,-78.670292,5.0,,papelería
ChIJ3XZXANWzzZERtqDiZBktvbw,IDEAR Papelería,"Calle Quito, y, 140605, Ecuador",Morona Santiago,-2.9663719,-78.43027950000001,,https://www.facebook.com/profile.php?id=100084614985292,papelería
ChIJK3BgVd4rzJERORVe2NgTfyc,Papelería El ahorro,"WXXV+Q7J, Ecuador",Morona Santiago,-3.0505344,-78.0068598,,,papelería
ChIJSeldQl2hzZERydJ6M5pnQRs,KG STORE,"Sevilla de oro Av. 10 de agosto, y, Sevilla de Oro 010604, Ecuador",Morona Santiago,-2.8002338,-78.6555588,,https://www.facebook.com/profile.php?id=61553925002062&mibextid=ZbWKwL,papelería
ChIJ5xZ4NEwrzJEReB-PVEUHs10,MUNDO MAGICO MIMI,"WXXV+H69, Santiago, Teniente Ortiz, Ecuador",Morona Santiago,-3.0510915,-78.00688389999999,,,papelería
ChIJ5zpYFzGyzZERb7INbeA5HcQ,COMERCIAL ANITA,Ecuador,Morona Santiago,-2.9696643,-78.4375285,,,papelería
ChIJ1y7RYk-zzZERtbpcIyUp7E8,Unidad Educativa Limón,"Av. 12 de diciembre Barrio el coliseo Limón Indanza, 140605, Ecuador",Morona Santiago,-2.972475,-78.4391479,5.0,https://unidadeducativalimon.edu.ec/,libros de colegio
